Brice,Kjær,80765260977,2.10,23,30,OCTOBER,1976,0,7,6,4,8,3
Kaden,Holm,73538221597,1.64,28,19,JUNE,1971,0,4,5,9,4,1
Reynaldo,Strømsnes,69410664484,1.75,38,21,JANUARY,1961,0,1,1,4,3,1
Hugh,Hage,63656979311,2.21,26,9,SEPTEMBER,1973,0,9,8,9,4,1
Jordon,Haugstad,11208671994,2.21,26,24,JUNE,1973,0,7,8,8,9,5
Jay,Beck,40542433440,1.99,38,7,MARCH,1961,0,5,4,1,5,1
Kobe,Fossheim,86330318160,2.28,32,24,AUGUST,1967,0,8,5,1,6,2
Jerome,Stensby,20319582241,1.68,35,24,MARCH,1964,0,5,9,7,8,5
Wyatt,Nicolaisen,73802160648,2.05,30,15,FEBRUARY,1969,0,8,6,9,1,2
Max,Rognstad,43754833170,2.00,19,18,FEBRUARY,1980,0,4,7,5,2,8
Bruno,Sørbø,10450638916,1.88,30,3,MARCH,1969,0,5,7,8,1,9
Fred,Skjelbred,20500791730,1.86,40,22,FEBRUARY,1959,0,1,1,1,1,4
Austin,Mo,00581614092,2.10,30,31,DECEMBER,1969,0,9,5,2,6,9
Johnathan,Bull,15487640822,2.30,30,25,APRIL,1969,0,9,5,1,7,7
Brayan,Teigen,25777770025,2.09,32,9,JULY,1967,0,1,1,2,6,8
Quinten,Bjørke,92246259518,1.99,33,14,DECEMBER,1966,0,4,4,6,9,8
Bryson,Edvardsen,19477822385,2.22,28,2,FEBRUARY,1971,0,8,8,2,3,5
Earl,Aasheim,18634246749,1.66,36,29,DECEMBER,1963,0,1,3,4,1,3
Terry,Brynildsen,58349480016,1.95,18,24,AUGUST,1981,0,6,8,3,3,8
Oliver,Trondsen,63993634836,2.27,18,1,FEBRUARY,1981,0,6,3,9,8,6
Cale,Osman,45015529207,1.77,22,19,MARCH,1977,0,3,3,2,7,7
Toby,Skogen,62713992404,1.91,22,15,NOVEMBER,1977,0,8,2,4,7,1
Thaddeus,Skogheim,47908586792,2.20,22,26,JULY,1977,0,8,4,1,3,2
Isiah,Lund,25272767957,1.77,30,25,DECEMBER,1969,0,9,4,7,1,9
Trenton,Dalen,23961699296,2.06,28,29,JULY,1971,0,9,1,1,2,8
Avery,Opdal,87332793920,2.04,36,24,JULY,1963,0,1,1,1,1,1
Braden,Haave,87848734301,2.22,37,30,MAY,1962,0,1,4,1,1,6
Gerard,Furulund,66621974546,1.93,41,18,SEPTEMBER,1958,0,1,1,1,1,3
Stuart,Fossum,13929277750,1.88,39,5,MAY,1960,0,2,5,3,5,4
Gianni,Ingvaldsen,96888122449,1.81,28,10,MAY,1971,0,4,5,5,1,8
Dennis,Rødland,09401531073,1.74,20,2,OCTOBER,1979,0,9,8,9,1,2
Jaeden,Winther,07651723920,2.26,31,28,JUNE,1968,0,3,7,5,5,4
Guy,Mæhlum,26840697590,1.73,30,6,OCTOBER,1969,0,5,9,5,2,9
Curtis,Tangen,21083612040,2.11,41,2,NOVEMBER,1958,0,1,1,2,1,1
Brenden,Solhaug,17406896805,1.85,30,6,JUNE,1969,0,9,2,6,2,7
Jaron,Aasheim,66345644720,1.92,33,1,JANUARY,1967,0,8,4,4,3,6
Johnathon,Lystad,32997551332,2.22,27,21,NOVEMBER,1972,0,8,4,8,7,4
Augustus,Haldorsen,18794887406,2.36,23,3,NOVEMBER,1976,0,6,6,1,7,2
Levi,Liland,22620773391,1.82,40,7,NOVEMBER,1959,0,1,1,1,1,1
Julien,Bentzen,04733604656,2.03,20,16,JANUARY,1979,0,9,6,7,6,8
Shawn,Heiberg,29059867095,1.84,19,14,JANUARY,1980,0,3,4,7,2,1
Neil,Green,99139632669,1.95,31,18,APRIL,1968,0,6,8,1,9,9
Silas,Leirvik,60155423906,1.80,27,13,JANUARY,1972,0,4,4,5,9,5
Isaiah,Dahl,25280744737,1.76,18,10,AUGUST,1981,0,3,9,9,3,2
Lee,Dokken,33719445366,2.01,31,13,OCTOBER,1968,0,5,1,9,3,4
Bennett,Iqbal,15836655943,2.16,23,3,APRIL,1976,0,7,5,7,5,3
Amarion,Kittilsen,05452680565,2.24,25,18,SEPTEMBER,1974,0,6,1,6,2,8
Richard,Giske,42301852427,1.72,40,3,NOVEMBER,1959,0,5,1,1,2,4
Darrell,Gaarder,14843815500,2.22,41,24,JULY,1958,0,1,6,1,1,6
Lincoln,Solheim,11233342785,2.26,33,14,DECEMBER,1966,0,1,1,2,5,1
Marquez,Bertelsen,81597681689,1.96,37,5,JULY,1962,0,1,1,5,1,1
Hugh,Herland,86893973709,1.80,21,3,OCTOBER,1978,0,1,2,9,7,4
Jamal,Nordstrand,06894156626,1.80,32,12,JUNE,1967,0,6,9,4,5,9
Lee,Gjerde,48782352451,2.38,40,14,APRIL,1959,0,1,3,3,4,1
Lorenzo,Smedsrud,39759498735,2.12,19,24,DECEMBER,1980,0,5,1,3,5,4
Alvaro,Aksnes,58629157250,2.06,35,4,APRIL,1964,0,2,9,6,9,2
Dion,Nyborg,86876178502,2.22,31,19,NOVEMBER,1968,0,4,2,2,2,3
Keyshawn,Lund,83732696789,1.66,30,9,APRIL,1969,0,2,5,3,7,7
Bruce,Huse,78492757225,1.94,36,17,APRIL,1963,0,5,1,4,1,1
Deon,Langseth,46461339166,2.20,35,25,APRIL,1964,0,7,8,6,3,2
Easton,Mork,74677142815,1.78,21,22,APRIL,1978,0,3,2,4,8,6
Blaise,Midtbø,84994618896,2.40,27,6,JUNE,1972,0,6,6,8,4,7
Jaiden,Larssen,29157104587,2.34,38,26,AUGUST,1961,0,5,5,1,5,1
Willie,Straume,26117115468,2.21,36,27,OCTOBER,1963,0,1,1,6,6,2
Austen,Lohne,81188199222,1.92,18,28,JUNE,1981,0,9,1,5,3,2
George,Abrahamsen,16219344790,1.74,40,3,NOVEMBER,1959,0,6,1,1,4,1
Perry,Tvedt,52338389815,1.79,27,21,OCTOBER,1972,0,5,6,9,4,8
Kobe,Nygård,05218858072,1.96,29,14,JANUARY,1970,0,9,9,8,7,3
Chase,Lauritsen,97772271403,2.06,27,4,JUNE,1972,0,2,5,6,5,4
Irvin,Brynildsen,55206537036,2.33,31,25,JUNE,1968,0,7,6,1,2,4
Sebastian,Opdal,58118514086,1.75,29,12,APRIL,1970,0,7,4,6,6,4
Houston,Fjelde,03135960345,1.77,23,1,FEBRUARY,1976,0,6,9,1,4,7
Roy,Nielsen,55749006578,2.33,25,16,MARCH,1974,0,8,6,7,6,6
Douglas,Berger,61059393180,1.70,22,7,SEPTEMBER,1977,0,4,5,7,7,8
Camren,Ingebretsen,79947003328,2.38,37,29,JANUARY,1962,0,3,1,3,1,1
Charlie,Opdal,02829255980,2.15,23,23,JANUARY,1976,0,5,8,5,3,6
Ayden,Ueland,94982278344,1.83,20,27,MAY,1979,0,7,2,5,1,5
Markus,Myrland,00540232502,2.18,31,28,JUNE,1968,0,7,9,5,3,7
Edward,Sundal,65822528951,2.03,34,25,APRIL,1965,0,2,5,8,5,6
Garrett,Sundby,41832180932,1.60,23,31,MAY,1976,0,5,9,4,9,3
Patrick,Akhtar,40194554219,1.63,24,6,JANUARY,1975,0,5,1,5,8,3
Giancarlo,Stang,12531661698,1.98,21,9,SEPTEMBER,1978,0,2,6,8,6,1
Jaylan,Hovda,09278271988,2.24,27,18,MARCH,1972,0,2,9,1,5,8
Alfred,Wathne,86540491824,1.87,37,23,JANUARY,1962,0,3,1,1,1,1
Fernando,Ibrahim,47739959653,2.24,41,21,JANUARY,1958,0,4,1,4,1,1
Levi,Ueland,70680527200,1.99,35,13,MARCH,1964,0,3,2,8,6,6
Sebastian,Steine,65715624605,1.70,32,8,MAY,1967,0,9,8,2,6,8
Elliot,Løland,54617210747,2.21,24,31,DECEMBER,1975,0,6,2,1,7,9
Shannon,Rønning,21410201113,1.98,18,27,JUNE,1981,0,8,6,2,1,6
Lisandro,Salomonsen,46733730917,1.78,33,18,JULY,1966,0,4,6,9,3,1
Sonny,Monsen,78768211139,1.62,28,10,AUGUST,1971,0,5,9,4,7,9
Christian,Hvidsten,39338518053,2.04,23,23,DECEMBER,1976,0,6,7,5,8,7
Josiah,Fjellheim,82863544042,2.31,32,23,FEBRUARY,1967,0,6,8,9,7,9
Jonah,Øverli,02148089698,2.26,21,13,DECEMBER,1978,0,2,7,3,7,4
Kale,Grønvold,07465506776,2.01,36,1,FEBRUARY,1963,0,1,1,5,3,4
Jaden,Sæbø,25577943904,2.19,31,18,NOVEMBER,1968,0,8,5,8,6,3
Anderson,Rønning,55135807860,2.35,29,19,JULY,1970,0,7,4,3,2,2
Toby,Carlsen,07082417671,2.09,35,6,NOVEMBER,1964,0,7,9,3,3,1
Collin,Sveum,56929787076,2.39,38,7,MARCH,1961,0,6,3,1,6,6
Kade,Isaksen,47614373388,1.86,38,19,JULY,1961,0,2,1,1,5,1
Kolby,Søberg,62350378726,2.08,32,27,SEPTEMBER,1967,0,5,2,1,7,7
Tyshawn,Langseth,68342463287,1.73,34,13,APRIL,1965,0,3,1,7,1,4
Jean,Magnussen,79867795983,2.22,23,14,DECEMBER,1976,0,9,2,2,3,3
Craig,Vik,77180404913,2.15,25,27,FEBRUARY,1974,0,8,4,7,1,9
Edward,Bentsen,83529381174,2.12,37,1,MAY,1962,0,1,1,1,2,3
Braulio,Sætre,21258724742,2.27,21,18,MAY,1978,0,9,6,4,9,4
Thaddeus,Sandvold,92142176470,1.79,22,26,MARCH,1977,0,8,5,4,4,4
Carlo,Brenden,49813689200,2.16,20,6,OCTOBER,1979,0,4,6,6,1,2
Gage,Skjold,81015682880,1.95,32,12,NOVEMBER,1967,0,1,7,6,9,7
Jonathon,Seim,10663583375,2.00,32,31,MARCH,1967,0,4,7,9,6,3
Timothy,Myrvang,75547705254,2.05,36,13,MARCH,1963,0,1,5,1,6,1
Samir,Risnes,09923500808,1.83,41,24,JUNE,1958,0,1,6,4,1,1
Dallin,Midtbø,25672355113,1.93,22,6,SEPTEMBER,1977,0,2,5,7,3,4
Marquez,Jonsson,31456735530,2.05,30,22,FEBRUARY,1969,0,4,2,7,7,5
Nehemiah,Melbye,25594851860,1.79,18,26,MAY,1981,0,5,2,2,5,1
Nickolas,Holberg,15453670889,1.84,20,6,JULY,1979,0,7,2,9,6,3
Joseph,Kleppe,84363186958,1.73,34,12,FEBRUARY,1965,0,2,8,9,1,4
Lamont,Stene,54827532038,1.80,18,12,FEBRUARY,1981,0,7,8,1,5,9
Alexander,Lie,00933984950,1.62,39,17,NOVEMBER,1960,0,1,2,1,1,1
Neal,Korneliussen,73216277462,2.22,31,21,OCTOBER,1968,0,4,6,6,1,5
Dane,Angell,82861546828,2.27,38,3,DECEMBER,1961,0,1,1,1,3,1
Steve,Christiansen,49948588109,1.63,29,2,NOVEMBER,1970,0,7,5,2,1,6
Robert,Kleven,48357131581,1.76,39,9,APRIL,1960,0,5,1,1,2,2
Skylar,Bergh,99044059561,1.76,37,16,SEPTEMBER,1962,0,4,4,1,3,2
Coleman,Solbakken,63949554692,2.35,22,17,AUGUST,1977,0,8,9,3,3,5
Jerry,Nyberg,92249283094,1.67,28,28,JANUARY,1971,0,8,2,6,6,4
Deonte,Holstad,71142327983,1.74,35,12,AUGUST,1964,0,8,5,1,8,7
Braulio,Storli,77581494775,1.67,26,6,DECEMBER,1973,0,8,6,9,4,9
Sam,Helgesen,38184085221,1.67,33,10,MARCH,1966,0,4,4,2,6,1
Brendon,Løvik,92831352824,2.15,26,19,SEPTEMBER,1973,0,8,2,7,1,4
Kaden,Heggem,66452669195,2.35,33,11,SEPTEMBER,1966,0,3,5,7,9,3
Quincy,Kildal,74160314502,1.92,28,11,MAY,1971,0,9,8,5,9,2
Cade,Brovold,73064638551,2.37,18,27,FEBRUARY,1981,0,7,7,7,4,8
Reid,Bergersen,32539525238,1.86,37,11,FEBRUARY,1962,0,5,3,6,1,1
Diego,Schei,45596667796,1.98,21,8,OCTOBER,1978,0,3,7,8,6,2
Reagan,Solem,77087018503,2.21,21,8,OCTOBER,1978,0,2,9,9,4,2
Gunner,Sand,88964060227,1.85,33,16,MAY,1966,0,9,3,4,2,1
Jordan,Johansen,25426912048,2.03,40,14,NOVEMBER,1959,0,5,2,5,1,3
Gustavo,Huseby,16445880484,2.01,37,8,JANUARY,1962,0,1,6,1,1,1
Remington,Rekdal,43015703958,2.20,18,25,AUGUST,1981,0,3,9,7,3,7
Henry,Nesset,03249935746,1.95,22,30,SEPTEMBER,1977,0,7,3,7,3,9
Zachary,Rekdal,01237546708,1.76,35,10,SEPTEMBER,1964,0,5,9,6,9,4
Josiah,Vågen,81443649963,1.75,25,18,JANUARY,1974,0,1,9,2,8,6
Kenneth,Skjelbred,27493762645,2.27,23,16,OCTOBER,1976,0,1,4,4,2,5
Ulises,Egeland,98378639232,1.77,39,11,NOVEMBER,1960,0,1,3,1,3,4
Maverick,Omar,31840451433,1.67,41,25,DECEMBER,1958,0,6,1,1,2,1
Derick,Fredriksen,64578595874,1.79,24,29,AUGUST,1975,0,5,9,4,8,6
Connor,Nygård,93763682537,1.78,24,27,APRIL,1975,0,8,3,4,1,6
Devan,Eide,10696663701,2.06,32,22,JULY,1967,0,9,8,5,9,2
Vernon,Lundberg,23149822844,2.28,29,23,SEPTEMBER,1970,0,6,8,5,6,2
Sincere,Borgen,20382486241,1.81,31,1,JANUARY,1969,0,7,8,2,9,7
Kayden,Moland,65245331961,2.19,29,18,JUNE,1970,0,7,4,9,6,4
Andy,Leirvik,16830518081,2.23,37,28,MAY,1962,0,1,4,1,4,4
Issac,Rødland,54734440911,2.15,35,20,FEBRUARY,1964,0,3,8,9,4,5
Marshall,Sandnes,69755164317,1.84,32,1,SEPTEMBER,1967,0,1,6,4,7,4
Camren,Bjørklund,46262369826,1.93,36,8,NOVEMBER,1963,0,5,1,1,6,2
Ismael,Mørch,29899818660,1.95,27,8,MAY,1972,0,3,7,2,8,3
Stuart,Hoem,31841796217,2.25,28,12,OCTOBER,1971,0,4,2,2,4,1
Uriel,Huynh,52829624356,2.06,24,18,JANUARY,1975,0,5,4,8,4,8
Malik,Strømsnes,83717875047,2.39,34,20,OCTOBER,1965,0,2,4,2,3,7
Elisha,Furnes,25126794581,2.38,22,21,FEBRUARY,1977,0,3,1,6,4,3
Korbin,Sørum,32330751179,1.87,35,12,SEPTEMBER,1964,0,5,7,1,2,1
Isai,Løken,62350020869,1.90,25,28,AUGUST,1974,0,2,4,8,2,9
Semaj,Sollie,06507588038,1.71,29,7,APRIL,1970,0,2,1,8,7,6
Glen,Lier,54536637016,1.71,38,19,DECEMBER,1961,0,2,1,5,2,1
Eugene,Eid,47242806399,1.74,36,8,JULY,1963,0,2,5,3,6,1
Rodolfo,Braaten,75712026725,2.20,37,14,JUNE,1962,0,4,1,5,6,4
Kurt,Aarnes,41181941405,1.84,31,6,JUNE,1968,0,7,7,1,7,5
Devin,Dale,48371926586,2.14,41,25,MAY,1958,0,5,3,5,1,5
Cristobal,Olufsen,44726552481,1.90,24,7,JUNE,1975,0,8,7,2,4,3
Bradley,Askeland,99625083276,2.30,28,3,APRIL,1971,0,2,5,1,5,2
Kenneth,Mikkelsen,94484415979,2.10,22,7,AUGUST,1977,0,8,6,9,8,8
Keven,Lundby,17439452532,1.91,26,1,FEBRUARY,1973,0,6,1,6,5,2
Tucker,Olstad,78492569198,2.31,23,20,DECEMBER,1976,0,8,5,1,5,3
Pierre,Heggelund,41662756928,2.19,39,18,FEBRUARY,1960,0,6,1,5,1,1
Arturo,Steinsland,50754625705,2.36,41,8,JUNE,1958,0,2,2,1,2,5
Jaden,Winther,79957678544,1.82,36,11,MAY,1963,0,1,3,1,6,1
Chase,Eggen,73543580128,2.39,26,20,NOVEMBER,1973,0,5,8,9,2,1
Adam,Ulriksen,08039264775,2.40,40,12,NOVEMBER,1959,0,3,4,4,1,2
Peyton,Borge,22993397389,1.88,41,12,AUGUST,1958,0,6,6,2,6,1
Colt,Dokken,70120548374,2.37,37,2,SEPTEMBER,1962,0,1,6,3,4,1
Forrest,Bratlie,40020359186,2.29,23,7,JUNE,1976,0,9,3,1,1,2
Herbert,Stensland,78910524331,1.76,30,14,MARCH,1969,0,4,8,8,7,4
Joaquin,Braathen,33594173192,1.77,28,7,MARCH,1971,0,8,7,2,5,2
Eric,Skagen,65851869261,1.93,40,23,AUGUST,1959,0,1,6,1,6,6
Tylor,Sandberg,06786009855,1.89,25,30,OCTOBER,1974,0,2,1,3,8,3
Chaim,Nakken,91422851835,2.34,27,12,OCTOBER,1972,0,5,8,5,7,3
Antoine,Granheim,94292229983,2.04,36,22,JUNE,1963,0,1,3,1,3,4
Treyton,Myhren,50160257128,2.09,21,18,MAY,1978,0,1,9,9,6,6
Jessie,Danielsen,07932030499,1.83,23,5,MARCH,1976,0,4,3,4,2,5
Freddy,Røe,56747379833,1.84,33,30,DECEMBER,1966,0,1,1,2,7,8
Ryan,Stenersen,18191625722,1.89,37,10,SEPTEMBER,1962,0,1,6,6,1,4
James,Holden,60190594328,2.15,35,9,NOVEMBER,1964,0,5,5,8,6,2
Lewis,Eidem,22737256800,1.87,32,23,MARCH,1967,0,4,4,8,3,7
Cameron,Bauge,38854575429,1.77,23,5,JULY,1976,0,6,5,9,3,2
Abdiel,Evjen,85329361044,2.23,32,8,JANUARY,1967,0,7,2,4,5,2
Mitchell,Persson,33817785140,2.29,23,23,FEBRUARY,1976,0,7,8,5,8,8
Korbin,Thune,59872358877,1.60,34,29,JANUARY,1965,0,4,6,1,6,8
Alonzo,Haugan,16712774979,1.87,26,7,MARCH,1973,0,4,6,8,8,4
Dallas,Persen,33746872955,2.12,18,4,NOVEMBER,1981,0,5,1,1,6,4
Rohan,Eggen,39242071582,1.74,18,2,NOVEMBER,1981,0,1,9,3,6,8
Uriel,Øverli,83013661473,1.92,19,2,SEPTEMBER,1980,0,4,6,2,8,6
Justyn,Bauge,95774189561,1.91,27,5,FEBRUARY,1972,0,4,5,5,3,5
Victor,Hestnes,65493215584,2.23,26,1,OCTOBER,1973,0,4,9,1,1,2
Alexis,Fossum,20821321069,2.16,35,14,OCTOBER,1964,0,7,8,9,6,1
Eddy,Haugstad,28406337075,2.01,23,18,MARCH,1976,0,3,7,9,7,5
Lucas,Olafsen,65288085907,2.37,23,23,OCTOBER,1976,0,9,6,2,1,3
Felix,Nordheim,46209513468,1.94,30,11,SEPTEMBER,1969,0,6,9,7,1,8
Emerson,Volden,51356993512,1.70,32,31,MARCH,1967,0,7,1,3,5,5
Cristobal,Tangen,83390041851,1.67,33,20,JULY,1966,0,7,3,1,5,9
Hector,Christensen,54670375275,1.70,40,2,OCTOBER,1959,0,5,3,5,1,5
Vance,Kvåle,27391521796,1.61,41,30,JANUARY,1958,0,1,2,4,5,1
Luciano,Stokke,00344016709,2.35,26,1,OCTOBER,1973,0,1,1,3,6,1
Randall,Strøm,74033446095,2.22,37,22,MARCH,1962,0,1,5,6,2,1
Ari,Lundby,11543821022,2.36,37,11,OCTOBER,1962,0,1,5,3,1,5
Agustin,Sørensen,04525361270,1.73,40,21,DECEMBER,1959,0,2,6,1,1,2
Jadon,Sivertsen,98993787928,2.37,29,12,SEPTEMBER,1970,0,2,2,9,3,6
Tylor,Skogen,18692910388,2.14,40,24,MARCH,1959,0,5,1,1,2,5
Jorden,Mortensen,29084658672,2.15,20,26,MARCH,1979,0,3,5,9,4,3
Elijah,Braathen,83011683539,1.66,41,1,SEPTEMBER,1958,0,5,1,1,1,1
Heath,Fjeldstad,43842406921,2.01,25,23,SEPTEMBER,1974,0,3,8,8,9,8
Jonatan,Hagen,34014933581,1.87,41,31,JULY,1958,0,1,5,1,4,1
Jevon,Holberg,73190746635,2.37,23,12,JULY,1976,0,9,2,3,6,2
Amari,Rørvik,07862683641,2.23,33,26,DECEMBER,1966,0,9,1,5,2,1
Guadalupe,Totland,21989920544,1.94,21,9,OCTOBER,1978,0,6,2,7,4,8
Fred,Arnesen,26934402910,2.11,27,31,MAY,1972,0,3,7,6,5,9
Nathan,Rødland,58893685354,1.70,40,17,DECEMBER,1959,0,1,1,6,5,1
Eric,Rolland,99138648204,1.91,22,10,JUNE,1977,0,6,7,6,4,9
Demetrius,Enoksen,00037518413,2.23,41,1,APRIL,1958,0,1,4,1,5,5
Syed,Bredesen,89081994532,2.13,27,19,MARCH,1972,0,1,1,9,1,2
Roger,Strøm,07553603447,1.95,22,27,FEBRUARY,1977,0,1,4,3,4,8
Dylan,Forsberg,57519930941,1.61,40,5,MARCH,1959,0,2,2,2,2,1
Cayden,Tandberg,92147677619,2.33,26,2,MAY,1973,0,3,4,2,3,2
Julio,Reistad,20775505729,1.60,40,10,AUGUST,1959,0,1,1,2,5,1
Jakobe,Nyhus,70146029444,1.67,36,25,DECEMBER,1963,0,4,1,1,1,1
Vance,Sørlie,98407295182,1.80,37,12,DECEMBER,1962,0,1,6,1,1,1
Owen,Ovesen,35788537019,1.75,23,27,AUGUST,1976,0,5,1,5,9,3
Shamar,Bye,59782641289,1.78,38,30,NOVEMBER,1961,0,6,1,4,4,1
Pablo,Enger,61151390296,2.16,26,13,JANUARY,1973,0,2,8,6,9,6
Seamus,Hustad,94510012121,1.62,40,19,AUGUST,1959,0,3,1,5,4,1
Tomas,Jenssen,34201194565,2.11,38,28,MAY,1961,0,1,1,1,5,1
Ross,Støle,16628168218,1.83,19,20,FEBRUARY,1980,0,4,2,8,9,7
Gino,Vestli,21731718196,1.89,29,24,FEBRUARY,1970,0,8,6,3,6,7
Korbin,Berglund,31278596447,1.84,24,20,OCTOBER,1975,0,6,6,4,9,9
Hunter,Dahlberg,12977859907,1.91,41,5,JULY,1958,0,1,1,3,2,1
Luc,Torsvik,32635329814,2.34,32,15,JULY,1967,0,8,2,1,2,7
Armando,Vestby,40577705569,1.72,26,20,FEBRUARY,1973,0,5,1,4,3,6
Kane,Thorstensen,13673503357,2.27,41,11,JULY,1958,0,5,1,3,5,1
Marlon,Wang,05850791262,1.77,37,17,JULY,1962,0,1,3,3,1,3
Frederick,Hovland,05741346439,2.21,24,16,OCTOBER,1975,0,9,8,9,5,2
Bryce,Herland,71821964822,1.82,22,17,NOVEMBER,1977,0,8,8,5,1,9
Deonte,Wiik,93430238422,2.15,32,5,OCTOBER,1967,0,5,3,2,1,8
Garett,Hågensen,11544899804,1.80,29,27,JUNE,1970,0,9,6,7,2,7
Elmer,Risa,43093759206,2.21,35,20,MARCH,1964,0,9,1,3,7,3
Connor,Rød,89648132980,1.89,38,14,JUNE,1961,0,5,2,1,5,3
Bernardo,Røe,66027568332,2.18,28,2,JUNE,1971,0,5,8,9,8,3
Jordan,Solli,06661339269,2.13,25,31,AUGUST,1974,0,6,1,3,6,6
Shamar,Østensen,89806976497,1.82,38,29,JULY,1961,0,4,1,1,3,4
Oscar,Bendiksen,74254904047,1.82,38,17,DECEMBER,1961,0,6,5,1,3,3
Grady,Seim,24590425423,1.94,26,23,SEPTEMBER,1973,0,5,3,4,8,2
Lamont,Ødegaard,34393515448,1.80,21,16,MAY,1978,0,6,8,6,5,3
Will,Sletten,14334166205,1.91,23,7,APRIL,1976,0,3,4,1,2,8
Nolan,Bjordal,96518910490,1.76,31,3,JANUARY,1968,0,6,5,3,2,2
Julio,Persen,84883622913,1.90,34,5,SEPTEMBER,1965,0,4,5,8,3,5
Bryant,Torkildsen,74295253782,2.38,37,10,JANUARY,1962,0,1,4,5,1,5
Alfredo,Engebretsen,54081518631,1.66,34,29,AUGUST,1965,0,9,9,7,8,7
Jaiden,Nesset,75274100040,2.39,20,7,DECEMBER,1979,0,8,5,4,2,1
Geoffrey,Opdal,67300754241,1.74,37,13,OCTOBER,1962,0,1,2,6,4,4
Rigoberto,Myhr,46995906561,2.22,33,24,JUNE,1966,0,4,8,2,4,5
Max,Stien,29966444671,2.26,23,10,JUNE,1976,0,4,6,3,7,3
Branden,Sæter,05715736605,1.81,26,20,MAY,1973,0,7,5,6,2,3
Camren,Sandal,13558939354,2.32,24,20,JULY,1975,0,5,7,5,2,5
Giovanni,Søyland,96255236850,2.18,31,27,JULY,1968,0,3,8,7,9,8
Derrick,Rosland,03521592121,2.18,30,3,JUNE,1969,0,6,6,2,1,5
Pablo,Sund,83623749781,2.16,32,14,OCTOBER,1967,0,3,1,8,6,5
Jonathan,Elstad,87332038095,1.91,26,21,DECEMBER,1973,0,3,2,3,6,1
Immanuel,Riis,80745622491,2.20,21,8,AUGUST,1978,0,4,7,5,3,4
Nickolas,Iversen,71582917195,1.92,34,24,DECEMBER,1965,0,4,8,3,5,4
Grayson,Larsen,96049617630,2.12,20,3,APRIL,1979,0,5,6,7,9,2
Earl,Antonsen,56791491576,2.30,29,11,MAY,1970,0,3,9,6,4,4
Lisandro,Skar,92045725787,2.11,26,31,MARCH,1973,0,1,9,8,2,9
Elliot,Solstad,62315024778,2.16,37,28,SEPTEMBER,1962,0,1,5,2,4,6
Trace,Aaserud,04636474617,1.61,36,4,OCTOBER,1963,0,6,1,1,1,5
Johan,Førland,38809162088,1.81,27,9,JANUARY,1972,0,9,6,2,6,3
Emiliano,Berget,20141975179,2.28,24,11,AUGUST,1975,0,3,9,3,5,2
Isiah,Sæther,66320848762,1.97,20,18,MARCH,1979,0,1,1,2,5,6
Jarod,Teigland,82675364151,2.02,33,24,NOVEMBER,1966,0,9,3,7,8,1
Lincoln,Fjeldheim,23383612237,2.34,34,6,NOVEMBER,1965,0,7,8,1,3,7
Jake,Bjerknes,44699128578,1.71,31,29,OCTOBER,1968,0,4,7,9,1,2
Camron,Strømme,85911551825,1.62,41,20,MAY,1958,0,3,5,6,3,3
Tyrese,Riise,94209314756,2.27,35,13,JANUARY,1964,0,5,4,5,1,9
Alfred,Syversen,12466509001,2.13,38,28,FEBRUARY,1961,0,1,3,4,1,1
Mike,Vestli,65873852142,1.84,25,26,MAY,1974,0,7,1,3,5,5
Marvin,Søreide,14398096350,2.29,27,16,FEBRUARY,1972,0,5,5,3,1,6
Corbin,Karlsen,51590818969,2.37,31,16,JUNE,1968,0,9,7,7,1,5
Rodolfo,Christensen,44949653898,2.13,24,29,MAY,1975,0,5,1,7,2,3
Tanner,Ek,70069262339,1.93,40,4,NOVEMBER,1959,0,1,5,4,6,5
Amari,Odland,13945601523,1.76,26,18,JUNE,1973,0,8,7,8,9,2
Jamir,Moe,29728199477,1.82,21,11,MARCH,1978,0,5,5,2,8,1
Mason,Halvorsen,24767512016,2.25,27,4,AUGUST,1972,0,5,3,8,5,1
Kade,Hustad,85180917999,1.99,31,12,OCTOBER,1968,0,7,9,3,6,8
Elian,Øyen,86222911511,2.39,33,13,OCTOBER,1966,0,9,6,6,6,2
Turner,Norheim,54214119003,2.04,33,5,DECEMBER,1966,0,8,5,4,2,5
Nickolas,Sandberg,57904071922,1.95,39,14,JANUARY,1960,0,3,1,1,3,1
Cortez,Rønneberg,57591384922,2.29,37,17,OCTOBER,1962,0,2,1,1,4,1
Wayne,Vågen,22980480299,2.08,40,8,JULY,1959,0,5,2,4,6,1
Layne,Borge,01569050596,1.77,26,27,NOVEMBER,1973,0,1,4,2,5,3
Bryce,Forsberg,94886149772,1.86,29,18,JANUARY,1970,0,5,2,6,7,6
Abraham,Lorentsen,70367645060,1.78,24,29,JUNE,1975,0,5,6,3,2,6
Tylor,Frydenlund,18455930027,1.65,27,18,JULY,1972,0,9,9,3,2,9
Joe,Hetland,58045471545,2.24,31,6,APRIL,1968,0,7,4,2,9,1
Jarrod,Holand,09239588227,1.77,39,1,APRIL,1960,0,6,2,1,5,6
Cael,Steffensen,58839398020,1.80,39,19,SEPTEMBER,1960,0,1,5,3,4,1
Semaj,Clausen,05400039760,2.02,33,18,AUGUST,1966,0,5,3,1,2,9
Mariano,Helgesen,44394320867,2.01,41,19,AUGUST,1958,0,1,4,1,5,4
Morgan,Larsen,16529366263,1.65,28,13,OCTOBER,1971,0,8,7,2,9,7
Reagan,Erlandsen,45759478798,1.71,30,30,AUGUST,1969,0,9,1,6,1,5
Stone,Finstad,74344079009,2.00,25,15,OCTOBER,1974,0,7,4,2,5,3
Russell,Rasmussen,78390681999,2.22,27,26,DECEMBER,1972,0,6,8,2,1,6
Salvador,Hetland,69140585147,2.04,41,30,OCTOBER,1958,0,1,1,4,1,1
Clark,Karstensen,79760561879,1.85,20,24,FEBRUARY,1979,0,5,8,8,5,1
Calvin,Wathne,83936775504,1.93,18,20,JULY,1981,0,8,1,4,5,7
Saul,Refsnes,32827049009,2.08,19,16,APRIL,1980,0,2,3,4,7,6
Corbin,Ingebretsen,37474893870,1.98,19,18,JANUARY,1980,0,5,5,5,2,8
Adonis,Lillebø,29453902396,2.28,36,8,OCTOBER,1963,0,2,1,6,3,1
Daryl,Johannessen,84183834193,1.68,20,20,SEPTEMBER,1979,0,4,3,8,7,8
Sabastian,Lervik,87768542892,1.99,23,15,OCTOBER,1976,0,3,3,3,3,4
Korey,Lothe,50263977412,1.68,34,14,NOVEMBER,1965,0,1,3,3,6,1
Stone,Gaustad,06361502780,2.29,21,20,SEPTEMBER,1978,0,4,7,5,3,9
Walter,Hodne,01613647971,1.67,18,17,JANUARY,1981,0,5,9,2,8,9
Victor,Brandal,67865002617,1.86,29,25,OCTOBER,1970,0,3,6,3,7,8
Stuart,Lorentzen,50143914360,2.28,19,24,DECEMBER,1980,0,2,8,3,8,2
Austin,Myhr,77802597454,1.93,35,22,FEBRUARY,1964,0,5,5,6,7,4
Willie,Hvidsten,31835620170,2.30,31,8,MAY,1968,0,7,2,4,9,2
Ralph,Voll,19521099708,1.75,27,8,AUGUST,1972,0,8,7,8,1,1
Kyler,Bye,38377210866,2.40,28,17,JANUARY,1971,0,4,6,8,8,4
Liam,Monsen,02613708515,2.03,39,3,FEBRUARY,1960,0,5,1,1,3,1
Tanner,Finstad,60101084578,1.88,29,14,NOVEMBER,1970,0,3,3,1,9,7
Shea,Hals,51457691226,2.12,30,23,OCTOBER,1969,0,6,4,9,6,8
Dakota,Thorsen,10527183803,2.11,34,8,JUNE,1965,0,4,8,4,7,2
Chase,Bjerke,11133469723,1.69,32,1,MARCH,1967,0,5,8,8,7,4
Terrell,Nordahl,58874885326,1.65,18,9,MAY,1981,0,4,7,6,4,8
Chad,Solem,72334052195,1.60,31,27,JULY,1968,0,2,7,9,9,3
Leo,Lillevik,08647512711,1.86,34,22,JULY,1965,0,4,9,1,9,7
Marquez,Langeland,05082118617,1.94,39,5,OCTOBER,1960,0,6,1,2,3,6
Connor,Skår,17454973864,1.87,34,10,DECEMBER,1965,0,5,4,9,1,8
Duane,Eikrem,59823290969,2.08,34,7,APRIL,1965,0,6,4,3,4,6
Kelly,Røed,27721586092,2.28,31,31,OCTOBER,1968,0,9,1,4,4,3
Jackson,Myller,69804493632,2.26,35,20,JULY,1964,0,7,2,8,9,1
Grant,Aasland,91458879316,2.29,21,26,NOVEMBER,1978,0,7,3,2,3,7
Arturo,Egeland,53199271992,2.00,36,24,FEBRUARY,1963,0,1,1,1,6,4
Terrance,Bergstrøm,87044150386,2.29,26,1,SEPTEMBER,1973,0,8,4,4,2,3
Cornelius,Gjerde,83748618814,1.98,34,22,NOVEMBER,1965,0,2,9,5,9,6
Brenden,Corneliussen,81398387511,2.05,26,2,SEPTEMBER,1973,0,4,7,1,9,6
Sean,Svendsen,77558848272,2.38,27,22,NOVEMBER,1972,0,6,2,6,1,2
Edwin,Fjellheim,04477615217,1.81,38,8,OCTOBER,1961,0,3,4,2,6,1
Mateo,Holter,72607857449,1.63,41,1,NOVEMBER,1958,0,1,4,2,3,1
Scott,Rustad,64314834513,2.38,26,29,JUNE,1973,0,2,6,8,1,3
Ronaldo,Meland,84399872163,2.00,33,16,NOVEMBER,1966,0,8,9,1,5,1
Johnathan,Richardsen,33196524915,1.88,32,13,JANUARY,1967,0,5,3,1,9,7
Earl,Nordberg,84662370635,2.28,24,23,JULY,1975,0,5,4,7,5,7
Calvin,Økland,96602679312,2.38,24,23,AUGUST,1975,0,1,2,9,6,7
Corey,Linnerud,57632172464,2.21,28,7,DECEMBER,1971,0,1,6,4,5,2
Myles,Christiansen,96620172372,2.27,23,11,DECEMBER,1976,0,8,2,8,5,7
Cameron,Berg,86906716163,2.00,31,21,JULY,1968,0,7,7,6,1,6
Tony,Khan,78469593397,2.01,26,9,DECEMBER,1973,0,6,8,1,1,1
Samuel,Bruvik,70348617806,2.25,23,6,AUGUST,1976,0,6,7,1,8,2
Reginald,Rørvik,53614971381,1.90,24,13,FEBRUARY,1975,0,4,6,7,4,1
Brody,Rogstad,42061262143,2.14,29,24,FEBRUARY,1970,0,1,4,3,9,5
Garett,Adolfsen,83369354430,1.93,20,12,JULY,1979,0,9,1,4,4,9
Stone,Blindheim,35145427301,2.09,29,24,MARCH,1970,0,7,2,9,1,3
Brayan,Halvorsen,16655719415,1.73,37,25,SEPTEMBER,1962,0,1,4,6,2,1
Rickey,Gabrielsen,69266770782,1.63,19,9,JULY,1980,0,4,7,6,3,2
Bruno,Nes,07302466377,1.64,22,8,OCTOBER,1977,0,7,8,5,6,6
Ellis,Markussen,53012451549,2.25,19,17,JUNE,1980,0,7,4,9,4,6
Christopher,Birkeland,04134061972,1.83,34,18,MAY,1965,0,6,6,6,7,9
Johnny,Schei,82059935893,2.30,26,17,MARCH,1973,0,7,7,2,2,9
Tomas,Vinje,80799387342,1.89,31,7,APRIL,1968,0,4,4,6,6,4
Ty,Nordbø,07805157764,2.11,36,9,SEPTEMBER,1963,0,1,1,1,4,1
Humberto,Didriksen,52521897851,2.23,31,29,OCTOBER,1968,0,1,5,1,7,9
Joel,Myrvold,32611449976,1.65,27,4,JUNE,1972,0,3,3,6,4,7
Jaquan,Moland,32212958735,2.15,34,15,JULY,1965,0,6,8,1,7,5
Agustin,Thorkildsen,12160177578,2.22,32,11,APRIL,1967,0,9,8,1,8,7
Chance,Giske,09346794746,2.24,33,20,NOVEMBER,1966,0,9,3,9,1,4
Joshua,Lindstad,25929405802,1.88,18,23,NOVEMBER,1981,0,6,7,9,5,6
Keon,Grønning,92552548668,2.31,23,5,NOVEMBER,1976,0,1,9,2,8,7
Tommy,Magnussen,32012280255,1.78,19,19,MAY,1980,0,1,8,1,8,3
Dillon,Nesse,65955754516,2.16,21,24,DECEMBER,1978,0,8,7,4,6,1
Kaiden,Moe,27421416547,1.72,26,12,JANUARY,1973,0,5,9,8,7,5
Ariel,Valle,45838291502,2.21,36,21,FEBRUARY,1963,0,1,1,2,1,3
Kelly,Øvrebø,39593329188,2.13,39,7,DECEMBER,1960,0,1,6,1,1,1
Braden,Finstad,56868211036,1.85,24,24,AUGUST,1975,0,4,9,7,7,5
Wesley,Furulund,35108034318,1.71,31,18,OCTOBER,1968,0,1,9,4,3,1
Jeremy,Petersen,05621225703,2.06,34,11,AUGUST,1965,0,5,4,5,1,9
Ahmed,Lauritsen,03881437744,1.72,31,27,SEPTEMBER,1968,0,9,5,1,2,3
Dominik,Valen,36916019724,1.78,26,23,JULY,1973,0,5,6,2,8,2
Gaige,Stensland,55581805142,2.16,28,26,AUGUST,1971,0,6,2,5,4,2
Josue,Kvam,90881819007,1.74,36,25,JANUARY,1963,0,3,5,3,3,4
Emmett,Hammer,53558553059,2.10,30,29,JANUARY,1969,0,9,1,9,9,3
Nathen,Nergård,46058137484,1.95,33,2,JUNE,1966,0,3,4,2,4,8
Ean,Tønnesen,84793197847,1.94,41,15,AUGUST,1958,0,1,1,1,3,5
Ralph,Robertsen,66075842753,2.26,24,13,MARCH,1975,0,9,9,1,9,6
Brycen,Nylund,36871716610,2.40,19,17,MARCH,1980,0,6,4,9,6,8
Amir,Hernes,61556423604,1.91,34,21,OCTOBER,1965,0,3,3,7,5,2
Mitchell,Ingebretsen,75666520516,2.36,35,23,FEBRUARY,1964,0,7,8,7,5,9
Frankie,Kjær,46421540592,2.17,28,7,JANUARY,1971,0,9,6,1,6,8
Eugene,Jakobsen,03730217737,1.71,30,24,MARCH,1969,0,8,8,5,1,8
Elijah,Andersson,64034783754,1.69,18,18,DECEMBER,1981,0,5,7,8,1,7
Gian,Wik,38803392049,2.39,21,25,MAY,1978,0,5,5,7,2,6
Lawson,Sandvik,79907530320,1.96,34,15,MARCH,1965,0,5,6,6,1,7
Adolfo,Ryen,49469882617,2.12,33,29,MAY,1966,0,3,8,2,6,5
Terrance,Høiland,19952471264,2.06,27,8,AUGUST,1972,0,2,7,2,3,6
Simon,Hustad,78700112199,1.92,34,30,MARCH,1965,0,8,4,7,4,6
Freddy,Ueland,46092552789,2.24,28,30,JULY,1971,0,9,5,7,6,1
Grady,Randen,98786116011,1.67,23,3,OCTOBER,1976,0,2,7,8,3,6
Brayan,Sollid,13741123371,1.74,29,29,APRIL,1970,0,7,7,5,3,8
Braiden,Knutsen,83289119352,1.62,39,9,APRIL,1960,0,4,1,6,3,6
Jeffrey,Bergstrøm,67754338303,2.11,34,5,NOVEMBER,1965,0,9,1,4,1,8
Cornelius,Steen,71635687566,2.27,36,26,DECEMBER,1963,0,5,4,3,3,5
Josiah,Albrigtsen,94275384596,1.88,24,26,AUGUST,1975,0,1,7,6,9,3
Octavio,Bergheim,73244741235,1.81,39,27,AUGUST,1960,0,1,4,1,3,1
Axel,Markussen,74968090932,1.63,39,6,JULY,1960,0,2,4,1,6,5
Scott,Jonassen,20720621452,1.95,40,24,JUNE,1959,0,1,2,1,6,5
Josh,Tellefsen,60710691582,2.10,35,6,NOVEMBER,1964,0,2,4,7,5,6
Koby,Schmidt,34698953928,1.96,38,19,MARCH,1961,0,6,4,3,3,1
Brandon,Karlsson,09620104775,1.66,37,26,SEPTEMBER,1962,0,5,1,1,4,6
Destin,Osman,08859907453,2.14,32,3,FEBRUARY,1967,0,3,3,1,9,2
Donte,Nyland,65528501756,1.74,24,24,JANUARY,1975,0,2,4,2,7,8
Efrain,Skagen,21536809900,2.32,31,4,MARCH,1968,0,9,7,4,8,4
Johnny,Malik,68747545748,2.29,32,18,JANUARY,1967,0,1,9,3,8,1
Malik,Dokken,58734262404,2.08,36,13,SEPTEMBER,1963,0,1,1,1,1,6
Isaias,Skogstad,43201980054,2.38,18,8,DECEMBER,1981,0,9,4,6,4,4
Brody,Skog,35432316912,1.84,25,12,DECEMBER,1974,0,2,7,6,9,8
Nico,Holthe,31437772991,2.12,22,8,AUGUST,1977,0,2,9,6,2,1
Shayne,Giske,82174846913,2.29,29,10,SEPTEMBER,1970,0,1,9,6,8,1
Mohammad,Lundberg,81535430205,2.26,27,29,APRIL,1972,0,2,4,3,7,6
Moses,Ramberg,28381087392,1.98,18,15,JUNE,1981,0,9,1,8,8,5
Devon,Granum,65663397187,2.30,29,12,JUNE,1970,0,7,4,5,6,3
Luis,Linnerud,13062928306,1.68,18,18,SEPTEMBER,1981,0,2,8,4,8,7
Jamir,Sagen,45788905556,1.98,32,13,JUNE,1967,0,3,4,3,3,4
Jaylen,Birkeland,90837684358,2.09,35,29,JANUARY,1964,0,3,7,5,4,2
Destin,Thune,91763028294,1.91,32,29,DECEMBER,1967,0,7,3,4,4,5
Cade,Bjørge,76388206899,2.07,37,27,SEPTEMBER,1962,0,3,6,1,6,3
Karl,Wang,72148197520,1.79,27,31,JANUARY,1972,0,8,9,2,8,9
Timothy,Hoff,53849395605,1.94,32,30,MAY,1967,0,9,8,5,4,2
Kelton,Storvik,83348959452,1.80,21,5,SEPTEMBER,1978,0,7,2,9,2,1
Mateo,Tellefsen,90958329213,2.38,36,4,JANUARY,1963,0,5,2,1,1,1
Jaydon,Andresen,49299117853,1.92,38,28,DECEMBER,1961,0,1,1,1,1,5
Ramiro,Asbjørnsen,78194730258,2.38,33,25,JULY,1966,0,8,8,5,4,5
Yosef,Grønning,62429815927,1.65,20,25,DECEMBER,1979,0,6,9,2,9,2
Caden,Amundsen,14170556175,2.21,33,25,OCTOBER,1966,0,7,8,7,8,2
Remington,Frydenlund,77753679893,1.82,21,10,NOVEMBER,1978,0,7,8,1,3,5
Caiden,Lindland,51084256478,2.28,30,26,MAY,1969,0,7,6,1,7,6
Nathaniel,Holst,59947053823,1.72,29,12,AUGUST,1970,0,4,5,1,6,9
Malcolm,Søyland,91745001228,2.02,28,9,DECEMBER,1971,0,1,6,3,1,4
Jamel,Bergum,40497536688,1.71,36,21,MAY,1963,0,1,1,1,4,3
Cayden,Engan,82975275378,2.21,23,30,MARCH,1976,0,5,8,9,4,7
Isaias,Lundby,54507371904,2.01,28,24,JULY,1971,0,4,6,9,8,7
Karson,Østensen,69066843477,2.19,24,17,JUNE,1975,0,4,1,3,7,3
Vicente,Voll,37411687138,1.85,41,31,DECEMBER,1958,0,2,1,1,2,1
Chance,Jahr,40967581173,2.24,33,4,SEPTEMBER,1966,0,7,4,9,5,9
Marcus,Espeland,00218365317,1.62,35,24,JANUARY,1964,0,7,6,7,8,5
Alejandro,Madsen,72697424125,1.77,28,28,MARCH,1971,0,9,6,5,4,5
Kendall,Paulsen,28712046753,1.64,21,4,JANUARY,1978,0,4,1,9,3,9
Jamison,Anderson,94312303957,1.66,31,28,MARCH,1968,0,6,7,9,6,5
Damien,Solheim,28499742449,1.67,39,20,JUNE,1960,0,2,5,5,1,1
Terrence,Åsheim,46676407827,2.07,18,27,MAY,1981,0,3,4,7,5,4
Rhett,Karlsen,67550280138,2.32,38,4,JANUARY,1961,0,2,3,1,2,1
Walter,Hjelmeland,99017000669,2.00,24,8,MARCH,1975,0,1,9,4,3,4
Jamir,Henden,01337235676,1.69,32,23,JUNE,1967,0,6,9,3,1,7
Antwan,Sveum,44455982882,1.71,34,9,OCTOBER,1965,0,9,9,2,4,4
Mohammed,Aarstad,78611922770,2.21,24,12,APRIL,1975,0,2,6,8,4,5
Nelson,Gustavsen,82756004648,1.89,19,22,AUGUST,1980,0,5,3,7,5,4
Matthew,Albertsen,10981182571,2.12,29,10,MAY,1970,0,3,2,3,7,6
Kristofer,Kvalvik,20769378821,1.64,36,30,MAY,1963,0,1,1,1,4,1
Houston,Davidsen,51769900166,1.89,30,21,JULY,1969,0,6,1,6,3,8
Julio,Matre,45280731353,2.22,19,21,MAY,1980,0,5,5,8,2,3
Damon,Langseth,92688213883,2.32,20,23,JANUARY,1979,0,7,4,1,6,2
Wade,Stokka,61408219533,2.28,35,4,MARCH,1964,0,4,1,3,5,1
Ty,Hoff,46436595868,1.98,22,13,JUNE,1977,0,1,6,7,2,6
Ulises,Skjæveland,35787989700,1.66,18,21,OCTOBER,1981,0,2,4,1,2,8
Porter,Myrseth,32262668712,1.91,36,13,NOVEMBER,1963,0,2,2,5,5,5
Marcos,Larssen,91452112738,1.93,36,4,JULY,1963,0,6,1,5,3,1
Jaquez,Bore,38645255305,1.70,30,13,MAY,1969,0,9,6,1,5,9
Isaac,Hjelle,70147147364,2.15,32,9,AUGUST,1967,0,8,8,2,9,5
Stephan,Høiland,11053121576,1.85,25,11,MAY,1974,0,3,9,5,4,3
Eddy,Haugstad,85843867264,1.70,26,1,FEBRUARY,1973,0,3,9,3,2,9
Coby,Tvedt,53691284398,2.14,23,3,FEBRUARY,1976,0,9,3,7,6,9
Fidel,Sørvik,55673322876,1.92,18,10,APRIL,1981,0,3,4,8,4,5
Layne,Øverås,77593977602,1.78,20,1,APRIL,1979,0,1,5,6,4,9
Darian,Heitmann,26818904006,1.75,19,20,MARCH,1980,0,2,1,8,6,7
Kelton,Dale,87576700883,1.78,25,2,JUNE,1974,0,7,3,3,5,3
Damon,Fjell,49195163309,2.20,31,8,APRIL,1968,0,7,6,2,8,3
Luc,Aamodt,41529209041,1.77,20,18,NOVEMBER,1979,0,6,4,9,5,3
Larry,Ramberg,48555556696,2.16,21,16,SEPTEMBER,1978,0,4,4,1,9,9
Carter,Rabben,14746632899,2.20,22,29,NOVEMBER,1977,0,2,3,2,7,4
Blaise,Rusten,22627768799,2.08,35,19,APRIL,1964,0,5,5,8,6,5
Ronaldo,Bertheussen,62997123783,1.91,39,15,DECEMBER,1960,0,3,1,3,6,4
Eddy,Nilssen,40535978196,1.79,34,17,AUGUST,1965,0,7,9,7,6,5
Julien,Skjæveland,39146061562,2.39,18,17,JANUARY,1981,0,1,1,2,9,6
Chris,Enoksen,13664654207,1.96,30,26,AUGUST,1969,0,8,9,5,7,8
Ronaldo,Abelsen,45042520151,1.76,25,4,JULY,1974,0,3,2,6,2,2
Graham,Skare,45752294149,2.01,35,27,OCTOBER,1964,0,5,6,8,9,3
Gary,Aase,71550681577,2.30,38,14,FEBRUARY,1961,0,6,1,1,4,1
Gabriel,Vikan,11683369489,1.69,33,13,MARCH,1966,0,7,3,9,7,6
Antoine,Aas,37283354176,2.29,27,23,SEPTEMBER,1972,0,3,1,7,1,8
Gary,Lid,10831611762,1.92,35,6,JUNE,1964,0,4,1,5,6,8
Xavier,Nyhus,91481795133,2.40,40,22,FEBRUARY,1959,0,6,6,1,4,6
Kareem,Stien,59412130933,1.76,40,3,FEBRUARY,1959,0,1,1,6,3,1
Agustin,Vestli,82504675164,2.39,40,2,OCTOBER,1959,0,2,1,5,5,1
Garett,Eliassen,44599721041,1.68,18,6,OCTOBER,1981,0,7,3,4,5,3
Dandre,Fjeldstad,04677464822,2.28,20,17,OCTOBER,1979,0,1,8,4,8,3
Humberto,Thomsen,85948606481,1.99,39,21,JANUARY,1960,0,3,5,1,1,3
Salvador,Kvalsvik,23859012604,1.62,23,20,MARCH,1976,0,8,5,4,7,2
Jaiden,Christoffersen,41179017497,2.09,20,26,FEBRUARY,1979,0,2,4,2,7,5
Jaiden,Hågensen,58003630140,2.33,25,31,MARCH,1974,0,7,8,3,6,2
Jaquan,Vollan,69211637757,1.80,22,15,OCTOBER,1977,0,6,1,3,3,2
Trey,Viken,39957544314,2.07,39,1,DECEMBER,1960,0,3,3,1,3,3
Jaime,Samuelsen,13364380959,2.39,25,30,NOVEMBER,1974,0,6,2,3,9,9
Simon,Tønnesen,09642602517,2.22,36,14,DECEMBER,1963,0,1,2,5,1,1
Tanner,Ruud,78865749908,2.09,28,6,FEBRUARY,1971,0,1,7,7,3,3
Emerson,Brustad,58026995510,1.63,39,7,JANUARY,1960,0,1,6,6,6,4
Gianni,Sandberg,53648020426,1.97,35,21,JANUARY,1964,0,4,7,4,6,2
Lukas,Bjørnsen,58773473614,2.23,23,16,MARCH,1976,0,2,2,5,9,4
Daryl,Vatland,69106396608,2.16,30,17,AUGUST,1969,0,1,6,7,4,3
Omari,Hermansen,22528652758,1.65,29,8,SEPTEMBER,1970,0,8,8,3,1,6
Elmer,Almås,17904264754,2.39,38,11,JUNE,1961,0,1,1,1,1,2
Daniel,Haugstad,94496749100,2.35,26,3,FEBRUARY,1973,0,7,6,4,1,3
Gonzalo,Berg,48102121595,2.15,32,24,MARCH,1967,0,9,2,1,1,8
Marquise,Rabben,07143010457,1.67,26,21,OCTOBER,1973,0,2,1,7,9,5
Anderson,Kjær,07358085014,1.79,31,23,JANUARY,1968,0,2,5,7,9,9
Harry,Hansson,11457278765,1.81,41,24,AUGUST,1958,0,3,2,1,1,4
Carlos,Bø,59720244420,1.99,31,5,AUGUST,1968,0,3,2,3,9,2
Brody,Engelsen,71096669330,2.11,23,21,JUNE,1976,0,4,4,8,1,9
Gaven,Øverby,27805968786,1.75,38,21,NOVEMBER,1961,0,5,1,2,6,3
Ari,Olufsen,11779081782,2.19,18,6,JANUARY,1981,0,7,1,7,7,6
Francisco,Espeland,60758227847,1.97,38,11,MARCH,1961,0,1,6,5,4,4
Brennen,Fredriksen,21405605696,2.20,30,31,JULY,1969,0,9,2,4,8,8
Abraham,Vedvik,48221694183,1.99,35,9,OCTOBER,1964,0,1,6,2,8,3
Brad,Berntsen,35865030119,1.98,30,6,MAY,1969,0,6,9,4,8,7
Quentin,Bergli,91423880178,2.12,34,8,SEPTEMBER,1965,0,3,8,1,1,3
Colin,Fredriksen,04168086008,1.87,37,16,APRIL,1962,0,2,3,1,1,4
Savion,Evjen,98146819131,2.39,39,27,JANUARY,1960,0,3,1,1,3,1
Dontae,Braathen,02990164398,2.09,31,4,SEPTEMBER,1968,0,7,2,4,6,5
Walter,Eid,33015813101,1.78,27,11,DECEMBER,1972,0,2,1,6,5,6
Alex,Bergmann,08693802910,1.81,21,19,OCTOBER,1978,0,3,1,3,4,6
Tobias,Bjørnstad,01960928425,2.09,41,18,MAY,1958,0,6,4,2,1,2
Jefferson,Syvertsen,45888463167,2.40,20,15,APRIL,1979,0,3,5,4,5,3
Dallas,Adolfsen,31919947553,2.11,25,23,FEBRUARY,1974,0,1,3,4,3,1
Josh,Hagen,97059191480,1.79,35,30,DECEMBER,1964,0,8,1,5,5,6
Edward,Fredriksen,52647456106,2.06,29,2,DECEMBER,1970,0,2,4,5,3,7
Landon,Guttormsen,53933257861,2.34,19,24,OCTOBER,1980,0,6,4,1,7,2
Stephon,Hansen,06372062261,2.30,20,5,MAY,1979,0,4,9,9,6,3
Dion,Øverås,79252584949,2.01,24,25,OCTOBER,1975,0,2,5,7,5,9
Miles,Haaland,25939254659,1.68,33,13,JANUARY,1966,0,3,4,4,8,8
Desmond,Sollid,80548615107,2.37,33,9,MAY,1966,0,1,7,5,4,7
Aubrey,Myhr,28515499292,2.37,19,30,AUGUST,1980,0,3,3,2,9,2
Jakob,Sandvold,49279066030,2.13,30,8,MARCH,1969,0,5,1,1,1,3
Kenyon,Fjeldheim,26549798698,1.65,38,11,AUGUST,1961,0,1,2,6,1,1
Leon,Øverli,44109638864,2.18,36,16,JANUARY,1963,0,1,3,2,1,1
Reilly,Solstad,76722235799,1.63,19,14,MAY,1980,0,8,7,9,5,3
Jace,Gustavsen,19397114699,2.28,19,2,FEBRUARY,1980,0,1,2,2,8,9
Humberto,Risa,08304106259,2.27,30,12,JUNE,1969,0,9,9,2,9,4
Edwin,Bredesen,52163668553,2.25,38,21,JUNE,1961,0,3,1,5,1,1
Khalid,Stokkeland,28081773789,1.69,29,7,JULY,1970,0,3,9,2,2,3
Israel,Lie,91121731604,1.90,21,29,APRIL,1978,0,2,6,6,1,7
Jovan,Steinsvik,65742129638,2.10,25,6,NOVEMBER,1974,0,9,9,9,5,3
Forrest,Bjerknes,35200113191,2.32,23,25,AUGUST,1976,0,4,3,3,5,7
Jace,Østli,05860551883,2.22,21,14,JANUARY,1978,0,5,6,4,1,1
Terrence,Bergum,24238463615,1.70,28,27,JULY,1971,0,3,7,5,8,4
Khalil,Wahl,44502758251,2.26,37,14,DECEMBER,1962,0,5,3,6,4,1
Dante,Ringdal,10242262889,1.94,28,11,MAY,1971,0,3,4,9,1,3
Tyshawn,Nyberg,06324616925,2.01,41,24,DECEMBER,1958,0,1,1,6,5,6
Harley,Johannesen,31016524701,1.87,31,29,JANUARY,1968,0,6,1,5,9,5
Damian,Skagen,51423266990,2.06,25,3,OCTOBER,1974,0,2,6,3,2,2
Skyler,Sæbø,67192311470,2.27,37,31,MARCH,1962,0,1,3,1,4,1
Tristan,Gjesdal,48415194284,2.38,40,25,JULY,1959,0,5,1,1,3,5
Gianni,Vollan,38881874783,2.09,41,26,MAY,1958,0,3,6,6,1,1
Brycen,Stokkeland,36404728087,1.67,26,22,JANUARY,1973,0,9,1,6,1,9
Angelo,Husebø,62656262407,1.96,27,25,FEBRUARY,1972,0,3,3,8,6,6
Darien,Stensland,12468554421,2.32,39,18,MARCH,1960,0,4,1,1,5,1
Jose,Bruland,56808393781,1.91,30,8,SEPTEMBER,1969,0,9,9,6,8,3
Ashton,Haraldsen,74719521175,2.25,20,27,MARCH,1979,0,6,8,8,2,3
Gonzalo,Furnes,14590442108,1.76,20,16,JANUARY,1979,0,2,1,7,4,1
Jay,Davidsen,77940077940,2.12,19,31,MARCH,1980,0,4,3,9,8,7
Joey,Skog,54039848147,2.02,29,30,SEPTEMBER,1970,0,9,8,9,2,7
Cullen,Østby,53149054249,1.97,19,19,MAY,1980,0,7,9,2,3,7
Philip,Sørbø,81005911429,2.16,39,8,FEBRUARY,1960,0,6,6,4,1,5
Gideon,Vik,99485284354,2.02,22,1,JANUARY,1978,0,3,5,1,1,1
Phillip,Brevik,50341484240,1.65,29,26,NOVEMBER,1970,0,9,3,2,9,5
Lukas,Mikalsen,03666505826,2.02,25,12,MAY,1974,0,5,1,4,3,3
Cruz,Rosseland,40686558795,1.93,24,28,JUNE,1975,0,5,8,4,2,7
Alexandro,Akselsen,66098264511,1.94,37,23,SEPTEMBER,1962,0,1,1,1,1,1
Jahiem,Dahle,71551810665,2.08,29,19,MARCH,1970,0,3,3,1,2,1
Reuben,Ingvaldsen,15746504089,2.37,19,9,MARCH,1980,0,2,3,9,8,4
Clayton,Bjørge,35993776687,1.79,37,5,DECEMBER,1962,0,1,1,1,1,2
Tobias,Corneliussen,75638524661,2.32,41,8,DECEMBER,1958,0,5,1,4,1,1
Dallin,Hellum,74968286361,2.04,40,25,OCTOBER,1959,0,1,6,6,6,3
Keven,Breivik,24593835547,1.81,32,4,JANUARY,1967,0,1,4,2,8,1
Jett,Bye,15557099626,2.39,35,29,NOVEMBER,1964,0,6,3,3,3,4
Clinton,Dybvik,25051411284,2.31,36,6,MAY,1963,0,4,3,6,1,5
Milton,Grønli,27964177635,1.71,41,23,NOVEMBER,1958,0,4,1,1,5,5
Oscar,Eidem,20794139648,2.31,27,17,NOVEMBER,1972,0,6,8,5,9,1
Jaren,Hanssen,10033540827,2.00,37,22,NOVEMBER,1962,0,2,1,3,4,3
Jaeden,Lid,79784345957,2.22,36,5,OCTOBER,1963,0,5,3,5,6,1
Alejandro,Mjelde,12545430611,2.40,20,24,JULY,1979,0,2,6,9,5,7
Malcolm,Husby,20094073446,2.19,32,14,JANUARY,1967,0,4,5,4,6,5
Colten,Helgeland,98120865442,2.27,36,27,OCTOBER,1963,0,1,3,1,1,1
Tristan,Tellefsen,53167896004,1.70,30,23,DECEMBER,1969,0,5,5,9,5,6
Rigoberto,Støle,96781944931,1.76,25,20,NOVEMBER,1974,0,3,8,7,1,5
Tomas,Odland,11311097867,2.25,26,2,OCTOBER,1973,0,9,1,1,2,4
Kaden,Folkestad,68159230626,2.28,35,8,AUGUST,1964,0,5,8,1,3,3
Jadyn,Hansson,36902600273,2.24,40,5,DECEMBER,1959,0,5,1,1,3,1
Josiah,Midtun,79229704234,2.12,31,23,APRIL,1968,0,6,1,4,7,4
Antony,Hovda,45214244867,2.31,24,13,SEPTEMBER,1975,0,2,3,5,5,7
Waylon,Michelsen,69172360383,2.36,20,10,SEPTEMBER,1979,0,8,7,5,9,3
Stephan,Sundet,11435945450,1.77,20,28,JULY,1979,0,2,7,6,5,5
Ricardo,Egeland,63816995858,2.35,21,25,MARCH,1978,0,9,9,4,3,6
Maurice,Toft,23871964686,2.28,25,10,FEBRUARY,1974,0,8,8,3,6,5
Nick,Rogstad,14896161005,1.94,36,21,AUGUST,1963,0,1,1,2,4,1
Nelson,Rygg,12306226933,1.73,35,24,DECEMBER,1964,0,2,5,6,2,7
Alonzo,Ringdal,44188005589,1.98,34,9,OCTOBER,1965,0,6,7,1,1,2
Gage,Liland,80015515382,2.22,18,1,SEPTEMBER,1981,0,1,4,7,4,7
Sullivan,Erdal,64232799466,2.27,25,24,FEBRUARY,1974,0,2,6,3,3,6
Demetrius,Jørgensen,06766571457,1.95,34,22,OCTOBER,1965,0,2,1,3,2,6
Jonatan,Blix,97785501615,2.38,18,5,JULY,1981,0,3,1,2,2,8
Emilio,Markussen,27095505667,2.02,19,25,OCTOBER,1980,0,7,4,7,9,5
Brendon,Salte,19744702869,1.78,35,29,DECEMBER,1964,0,9,4,1,6,9
Trevor,Hågensen,01878609313,1.78,26,29,AUGUST,1973,0,9,8,5,6,7
Ibrahim,Refsnes,93773718455,1.76,20,22,AUGUST,1979,0,1,8,2,2,3
Alexander,Byberg,27281414962,1.61,28,18,APRIL,1971,0,5,2,7,5,6
Ray,Flaten,86757962472,2.18,37,2,FEBRUARY,1962,0,6,2,5,2,3
Devon,Eikeland,57445951913,2.18,19,10,MAY,1980,0,2,9,4,5,7
Jeffery,Walle,40003049011,2.11,40,11,MARCH,1959,0,6,5,1,1,1
Richard,Berentsen,88438959115,1.96,35,11,JULY,1964,0,2,5,4,8,8
Neil,Svensen,80687392828,1.74,27,23,NOVEMBER,1972,0,9,9,6,1,3
Xavier,Sveen,44030618366,2.16,36,22,APRIL,1963,0,3,1,5,1,1
Giovanny,Longva,29890757709,2.04,40,24,JANUARY,1959,0,1,6,1,5,4
Travis,Øverås,03776686841,1.81,37,7,DECEMBER,1962,0,1,3,1,3,1
Gaige,Buer,85881696114,2.36,28,29,OCTOBER,1971,0,4,5,1,2,4
Camron,Linnerud,96193206230,2.27,22,22,JULY,1977,0,7,1,7,9,3
Draven,Magnussen,38995102428,2.39,30,20,SEPTEMBER,1969,0,1,8,8,2,4
Alvin,Longva,15298887239,1.87,25,12,AUGUST,1974,0,7,8,2,2,2
Lane,Kleven,36097770021,1.77,35,5,DECEMBER,1964,0,3,3,4,9,4
Thaddeus,Torsvik,15233011834,2.14,29,13,AUGUST,1970,0,1,7,6,7,5
Joel,Bjørke,45511124932,2.05,39,7,JANUARY,1960,0,3,3,5,6,4
Angelo,Nergård,34474479287,2.10,38,7,NOVEMBER,1961,0,2,5,4,5,1
Isaias,Hammer,14893926497,1.97,23,23,SEPTEMBER,1976,0,9,6,2,8,1
Norman,Gjelsvik,68572189521,2.24,27,11,SEPTEMBER,1972,0,3,4,5,9,1
Mariano,Kittelsen,64507946234,1.88,26,4,JANUARY,1973,0,5,3,4,2,3
Braedon,Lunden,15859490144,1.94,25,12,JANUARY,1974,0,8,2,8,5,7
Brenden,Haugli,74426366612,2.26,32,5,MARCH,1967,0,8,2,2,3,9
Josef,Nielsen,85503787145,1.86,20,18,FEBRUARY,1979,0,1,3,9,1,1
Freddy,Sandal,15196777066,1.67,36,9,MARCH,1963,0,1,5,1,6,2
Justice,Engan,20431347515,2.00,31,28,JUNE,1968,0,6,5,3,1,7
Jameson,Berntsen,66004426053,2.00,39,29,OCTOBER,1960,0,3,1,2,1,6
Logan,Bergmann,36738255220,1.93,25,16,OCTOBER,1974,0,1,2,7,7,5
Aldo,Hole,89696945210,1.97,35,17,AUGUST,1964,0,3,5,9,1,1
Shawn,Kvalvik,71909592793,2.03,37,24,MAY,1962,0,1,1,3,4,6
Francis,Bjørge,76153914546,2.28,40,19,JULY,1959,0,3,5,1,1,6
Walker,Kvalsvik,36744143737,1.65,25,16,SEPTEMBER,1974,0,2,3,6,7,6
Christian,Gudmundsen,33691944571,2.26,27,27,MARCH,1972,0,4,2,9,9,5
Jamel,Haugli,40530442613,1.80,20,19,DECEMBER,1979,0,6,9,8,6,1
Gian,Hernes,48711733869,1.72,31,14,SEPTEMBER,1968,0,2,4,9,8,1
Leo,Grande,32186301907,2.11,40,14,FEBRUARY,1959,0,1,1,6,5,4
Leonel,Berget,16411965529,1.84,23,6,AUGUST,1976,0,6,6,3,1,6
Ezequiel,Stokka,82129287035,1.97,26,9,JUNE,1973,0,5,5,1,6,3
Jonas,Bore,64535031489,1.70,33,13,MARCH,1966,0,9,7,1,8,3
Chris,Granum,24140696553,1.69,40,12,JUNE,1959,0,1,1,6,3,1
Jay,Lindland,96941444031,1.70,32,26,FEBRUARY,1967,0,1,4,9,7,4
Rohan,Solhaug,74239550357,2.11,22,2,AUGUST,1977,0,7,6,5,1,4
Jan,Våge,92469320564,2.06,34,18,SEPTEMBER,1965,0,8,9,3,3,2
Timothy,Albrigtsen,25608366290,2.32,19,25,NOVEMBER,1980,0,6,4,4,9,3
Jake,Berge,47342152627,2.29,22,9,MAY,1977,0,5,6,5,6,5
Cody,Refsnes,10027049529,1.89,20,28,JUNE,1979,0,1,3,4,2,4
Riley,Skeie,54157413097,1.91,21,9,MAY,1978,0,9,8,7,2,9
Darryl,Brovold,49770262270,1.76,19,17,SEPTEMBER,1980,0,4,7,7,6,1
Greyson,Steine,45539017889,2.25,26,24,FEBRUARY,1973,0,9,8,5,4,3
Lorenzo,Bøe,45588907021,2.13,36,25,SEPTEMBER,1963,0,1,3,1,1,6
Andre,Albertsen,65226820158,2.23,41,5,MAY,1958,0,3,1,1,1,4
Jaquez,Håkonsen,50104752683,2.38,33,13,OCTOBER,1966,0,5,4,1,2,1
Ryley,Brandt,40702084657,2.13,20,22,JULY,1979,0,2,8,6,1,5
Jake,Green,35987457293,1.93,27,14,JUNE,1972,0,3,8,4,6,5
Draven,Oftedal,62870425626,1.84,23,8,SEPTEMBER,1976,0,4,5,8,4,2
Donte,Skjæveland,67038391695,1.90,35,6,FEBRUARY,1964,0,2,8,9,7,1
Darnell,Larsson,39190272966,1.92,28,20,DECEMBER,1971,0,7,7,4,8,6
Dale,Bruvik,16632417858,1.71,32,30,DECEMBER,1967,0,7,6,5,6,8
John,Birkeland,53265195098,1.79,35,10,MAY,1964,0,8,8,2,8,7
Rodrigo,Rogstad,24895418471,2.14,35,17,NOVEMBER,1964,0,6,3,1,5,5
Eugene,Fossen,17804109021,2.07,34,5,NOVEMBER,1965,0,8,4,9,3,9
Darin,Vang,87620200727,1.61,29,17,MAY,1970,0,4,1,5,3,2
Jonah,Grønning,76642267737,2.03,41,9,FEBRUARY,1958,0,5,2,2,3,2
Lisandro,Ludvigsen,99353654911,1.81,35,22,MARCH,1964,0,8,5,2,2,2
Stone,Lind,43901849586,2.23,28,26,MARCH,1971,0,1,2,8,2,2
Dontae,Stangeland,57421274385,1.65,23,12,MARCH,1976,0,4,6,2,5,3
Lorenzo,Midttun,66752261108,1.80,32,6,NOVEMBER,1967,0,2,1,3,6,9
Julio,Tran,89056206616,1.65,19,25,DECEMBER,1980,0,7,8,6,4,4
Terry,Bratland,40585669160,1.74,37,28,DECEMBER,1962,0,1,4,1,1,1
Jaron,Svensen,85242430619,1.94,39,4,APRIL,1960,0,5,5,1,3,3
Ryder,Fossen,77436056503,2.12,25,24,JULY,1974,0,2,6,6,9,1
Brad,Brustad,23349486989,1.61,40,5,JULY,1959,0,1,1,1,1,1
Ariel,Melbye,85602941317,1.87,27,9,AUGUST,1972,0,3,8,5,4,1
Everett,Solvang,94480562891,1.70,35,20,FEBRUARY,1964,0,4,8,7,2,2
Keanu,Pettersen,79794114452,1.85,24,16,DECEMBER,1975,0,3,1,4,5,8
Leonardo,Dahle,83215325057,1.65,19,30,JULY,1980,0,9,4,4,8,9
Jason,Lindberg,33340925549,1.84,24,1,JULY,1975,0,3,6,5,1,9
Abel,Persen,62713500648,1.93,18,27,DECEMBER,1981,0,9,7,1,8,4
Brayden,Åsheim,64044705173,2.01,23,15,JULY,1976,0,3,1,9,5,6
Brendan,Bø,70530321966,2.27,28,23,JANUARY,1971,0,5,8,8,1,5
Tyrell,Storli,13506757754,1.98,20,16,JANUARY,1979,0,4,7,3,9,4
Marc,Åsen,13240421776,2.32,20,5,MARCH,1979,0,6,3,3,8,8
Kayden,Moi,12265587214,2.40,40,28,JULY,1959,0,3,5,5,6,3
Amir,Gjesdal,44671527133,1.94,33,13,OCTOBER,1966,0,2,4,1,5,5
Victor,Christensen,16035316577,2.31,38,2,SEPTEMBER,1961,0,5,4,1,5,1
Keon,Karlstad,07487861478,1.74,19,12,JULY,1980,0,2,3,3,7,1
Trystan,Vedvik,70253005237,2.09,35,20,NOVEMBER,1964,0,3,6,2,1,8
Bryan,Roland,69465918107,1.93,41,27,OCTOBER,1958,0,3,5,4,4,1
Nolan,Holmen,96797305993,1.70,19,15,JUNE,1980,0,2,9,2,8,9
Troy,Knutsen,35882557168,2.35,21,2,MARCH,1978,0,6,2,3,7,7
Tobias,Olsson,78499298571,2.06,25,7,MAY,1974,0,6,7,8,8,1
Keshawn,Huynh,62172794255,2.26,41,28,FEBRUARY,1958,0,4,5,1,1,1
Darwin,Holand,73938153442,1.88,41,3,DECEMBER,1958,0,1,3,1,1,4
Maximo,Svarstad,25485502420,1.85,41,1,AUGUST,1958,0,6,6,1,5,2
Trevor,Fjørtoft,01334230675,1.98,24,7,APRIL,1975,0,5,6,9,4,6
Junior,Skogheim,63273993413,2.26,19,4,APRIL,1980,0,8,1,6,8,4
Cristopher,Dale,31830535179,1.78,29,18,JUNE,1970,0,1,7,2,5,4
Carson,Abdi,35545979119,2.22,25,30,AUGUST,1974,0,8,7,9,9,2
Evan,Eilertsen,62459319360,2.30,25,2,MARCH,1974,0,1,8,5,7,1
Kelton,Skare,53264309018,1.84,25,24,FEBRUARY,1974,0,2,3,1,5,6
Trystan,Gilje,69360838906,1.68,22,6,JUNE,1977,0,8,6,6,6,6
Jan,Karstensen,06436739817,1.93,22,19,FEBRUARY,1977,0,4,6,6,8,8
Gino,Terjesen,62099733321,1.87,33,24,SEPTEMBER,1966,0,9,2,3,8,5
Timothy,Hetland,71859301023,1.78,26,31,DECEMBER,1973,0,6,2,9,9,4
Terry,Berget,55138765868,2.36,18,20,FEBRUARY,1981,0,5,3,8,7,4
Maurice,Kvamme,05423927411,2.15,23,23,SEPTEMBER,1976,0,8,3,7,2,8
Daniel,Fjell,92823385358,2.15,38,30,AUGUST,1961,0,4,5,1,5,1
Braden,Skogstad,52997025682,1.73,32,28,NOVEMBER,1967,0,3,6,4,7,6
Rene,Aamodt,64153047614,1.81,27,19,DECEMBER,1972,0,7,4,6,5,3
Lamar,Vangen,31100568201,1.94,22,7,JUNE,1977,0,8,4,1,5,6
Freddy,Michelsen,25901699397,1.77,41,20,MARCH,1958,0,1,4,1,2,3
Cornelius,Gjerstad,98816563246,1.72,32,4,MARCH,1967,0,9,5,7,9,4
Malik,Røstad,49504682189,1.77,22,13,DECEMBER,1977,0,2,4,2,2,9
Garrett,Benjaminsen,90812209461,2.02,25,30,OCTOBER,1974,0,5,9,9,7,2
Jonah,Bjørnstad,37711144239,2.18,30,30,AUGUST,1969,0,9,4,1,3,9
Marshall,Nordgård,81546063088,1.84,20,11,JANUARY,1979,0,7,6,6,8,4
Justus,Sørensen,57759817333,2.08,28,2,SEPTEMBER,1971,0,3,2,5,4,7
Stone,Hegge,31598815025,2.22,35,24,OCTOBER,1964,0,6,2,2,4,8
Hudson,Jørgensen,64496512264,1.86,37,16,MARCH,1962,0,1,3,1,1,2
Ray,Hovland,16513729041,1.77,30,15,APRIL,1969,0,1,9,6,3,9
Jovani,Brenne,47572431441,1.77,20,23,DECEMBER,1979,0,8,2,9,2,6
Jordon,Kvalvik,36239972911,2.23,23,7,JULY,1976,0,7,2,9,5,6
Xavier,Moen,18991191475,2.36,23,14,FEBRUARY,1976,0,4,9,2,5,6
Alonso,Aarstad,07227141712,1.97,18,26,JANUARY,1981,0,2,5,7,8,6
Kai,Aase,19496848531,1.61,23,7,MARCH,1976,0,7,2,8,3,5
Alexzander,Øren,71260429394,2.01,20,20,FEBRUARY,1979,0,2,8,2,5,2
Lukas,Lauritsen,23020424548,1.73,19,23,DECEMBER,1980,0,5,6,5,3,1
Kaiden,Skår,85573859543,2.17,35,24,JUNE,1964,0,8,6,3,8,7
Julio,Ingebretsen,23001263217,1.82,24,16,OCTOBER,1975,0,6,8,1,1,7
Brett,Ingvaldsen,94645754567,2.16,26,27,AUGUST,1973,0,7,4,5,4,5
Marcus,Harstad,64939837334,2.33,20,1,SEPTEMBER,1979,0,7,9,2,5,3
Troy,Haug,37398705860,1.97,26,25,JANUARY,1973,0,5,8,1,3,3
Clifton,Mæhlum,20762920049,2.09,23,24,MAY,1976,0,5,3,9,1,9
Jakobe,Sørbø,44674852455,2.33,35,4,SEPTEMBER,1964,0,2,3,1,5,5
Phillip,Kvalvik,93413651389,1.89,24,3,AUGUST,1975,0,6,9,9,9,6
Marcos,Steinsland,11574100352,2.29,37,8,JULY,1962,0,6,1,5,2,5
Tommy,Løvstad,64427921648,2.22,37,20,FEBRUARY,1962,0,5,5,4,5,5
Frank,Tran,50671975230,2.14,24,18,JULY,1975,0,9,7,8,8,2
Stone,Moi,66019461548,2.08,32,13,OCTOBER,1967,0,4,1,5,1,6
Hassan,Steinsvik,31908432457,1.85,39,30,SEPTEMBER,1960,0,3,6,3,2,2
Ignacio,Rosland,05893118924,2.10,35,9,NOVEMBER,1964,0,5,9,1,2,5
Cristopher,Lystad,03522616427,1.61,36,18,JULY,1963,0,6,4,3,1,3
Dillan,Knutsen,00521056314,1.68,25,4,JULY,1974,0,8,5,2,4,1
Terrence,Melby,62408203981,2.22,36,30,DECEMBER,1963,0,4,1,6,2,6
Clifford,Bjørge,44715530796,1.82,34,22,APRIL,1965,0,7,9,2,7,9
Ali,Nymoen,05477197885,2.32,33,12,APRIL,1966,0,5,1,9,7,2
Leroy,Nesset,87203024478,2.26,30,28,JANUARY,1969,0,1,4,9,1,5
Brycen,Severinsen,40141512625,2.33,30,19,OCTOBER,1969,0,5,7,2,3,2
Eliseo,Tobiassen,00947571065,2.09,34,23,MARCH,1965,0,5,9,2,2,8
Jace,Solum,90818217797,2.21,30,20,MARCH,1969,0,9,7,5,4,2
Dalton,Christensen,40572551446,2.23,22,25,FEBRUARY,1977,0,7,5,2,6,9
Sheldon,Lundberg,85509877885,1.75,24,7,JULY,1975,0,7,7,7,7,2
Cody,Solem,15656451523,1.94,33,3,APRIL,1966,0,7,6,3,7,9
Kristofer,Fossum,06944110587,2.00,27,15,FEBRUARY,1972,0,5,5,8,3,2
Justyn,Randen,24243780760,2.16,35,22,APRIL,1964,0,5,5,1,1,7
Lawson,Adolfsen,01157056642,1.89,37,30,SEPTEMBER,1962,0,1,1,3,1,2
Charles,Fosse,42071873227,2.25,24,6,NOVEMBER,1975,0,6,3,7,4,5
Corey,Sunde,10957165907,1.72,20,5,AUGUST,1979,0,2,3,4,2,2
James,Ingvaldsen,89317589783,2.15,41,19,NOVEMBER,1958,0,2,4,4,5,3
Alexander,Nybø,05174418567,1.73,39,15,JANUARY,1960,0,4,2,1,6,5
Devin,Tandberg,38401200877,2.02,37,28,DECEMBER,1962,0,1,1,4,1,1
Wyatt,Mortensen,30538241847,2.11,23,19,MARCH,1976,0,2,7,4,9,3
Dalton,Øye,74875452305,2.06,26,2,MAY,1973,0,7,7,1,2,4
Jaylen,Bøe,25837959437,2.03,39,5,NOVEMBER,1960,0,1,1,1,1,1
Maximilian,Holmen,75744992076,1.99,36,11,MARCH,1963,0,6,4,1,1,4
Elliott,Øien,73856662087,1.76,23,25,MARCH,1976,0,3,7,1,3,4
Sincere,Bergesen,37392804997,2.02,39,20,MAY,1960,0,1,2,5,6,1
Peyton,Tønnesen,43621910819,1.89,32,2,AUGUST,1967,0,1,5,7,2,6
Cole,Hoff,40551152431,1.64,33,16,DECEMBER,1966,0,2,8,3,4,4
Caleb,Olsen,66228345973,1.81,32,5,OCTOBER,1967,0,7,2,1,1,9
Josiah,Øverli,65182688965,1.93,25,4,MARCH,1974,0,3,1,6,6,4
Misael,Løvik,91073430336,1.71,22,7,MAY,1977,0,2,9,3,2,6
Kaden,Longva,93272310232,1.72,22,15,MAY,1977,0,4,1,3,4,7
Kaiden,Norum,10239524895,1.88,34,19,AUGUST,1965,0,8,8,1,3,5
Cesar,Jørgensen,60245069795,1.70,21,17,OCTOBER,1978,0,1,8,4,8,1
Vicente,Davidsen,77361027402,2.25,32,23,JULY,1967,0,9,7,4,3,1
Jahiem,Jenssen,60272353228,2.03,32,13,APRIL,1967,0,4,4,9,5,4
Misael,Bårdsen,99703157465,2.07,33,30,DECEMBER,1966,0,1,4,5,5,4
Jakobe,Tvedt,09132584561,1.70,24,26,OCTOBER,1975,0,2,2,6,4,9
Brent,Bjørndal,09823652888,1.98,18,26,APRIL,1981,0,7,7,1,9,5
Haden,Kroken,35127282397,2.01,30,9,OCTOBER,1969,0,7,8,2,8,5
Jovan,Holtet,79278047223,1.74,20,30,DECEMBER,1979,0,8,1,2,7,6
Reilly,Ødegaard,98162732273,1.99,18,17,MAY,1981,0,5,2,4,6,3
Skyler,Bjørge,82364797532,2.01,33,3,MAY,1966,0,3,2,8,4,3
Gaven,Norheim,32654602243,2.30,19,13,JUNE,1980,0,3,6,4,9,3
Gregory,Paulsen,89191350222,2.02,25,9,OCTOBER,1974,0,4,7,8,2,8
Bradyn,Ali,92235351590,2.18,33,29,OCTOBER,1966,0,6,7,9,8,5
Keon,Sandøy,73002365260,1.86,34,1,AUGUST,1965,0,5,8,3,3,4
Fred,Steinsland,25492768225,1.62,20,18,OCTOBER,1979,0,1,2,5,2,9
Korbin,Fossen,40791341905,1.77,27,17,JULY,1972,0,9,4,9,4,2
Houston,Terjesen,54752148204,1.93,37,19,NOVEMBER,1962,0,1,3,1,1,4
Cristobal,Gjelsvik,31824955434,2.21,33,20,APRIL,1966,0,8,9,2,5,6
Duncan,Lauritzen,87252253214,1.66,23,10,OCTOBER,1976,0,7,6,5,3,7
Syed,Dalen,72374491158,2.04,36,18,AUGUST,1963,0,1,5,5,3,6
Jude,Bore,81318513846,1.88,30,11,JUNE,1969,0,5,4,3,6,4
Ray,Løseth,15556577820,1.86,31,1,APRIL,1968,0,2,8,5,6,3
Kaleb,Nymoen,28074389320,2.12,31,9,APRIL,1968,0,6,2,5,2,3
Donte,Strømme,11340517795,1.71,32,27,NOVEMBER,1967,0,1,5,7,9,1
Garrison,Næss,96682610606,2.19,26,15,JUNE,1973,0,4,8,3,8,2
Devante,Vangen,54638938651,2.34,37,8,DECEMBER,1962,0,3,5,5,5,4
Nicolas,Olstad,47548858178,2.03,30,16,MAY,1969,0,6,7,8,5,3
Winston,Torvik,48155154407,1.97,23,8,JUNE,1976,0,3,8,8,8,6
Bilal,Olaisen,65753068932,2.13,36,28,JUNE,1963,0,1,5,1,1,1
Elliot,Mortensen,24226662857,1.75,21,3,OCTOBER,1978,0,5,7,3,4,6
Cortez,Rørvik,46400037385,1.99,31,26,DECEMBER,1968,0,5,4,4,9,3
Sidney,Normann,54270124404,1.62,29,8,DECEMBER,1970,0,8,7,9,5,8
Cory,Vik,93909001882,2.26,25,27,FEBRUARY,1974,0,4,8,2,2,8
Darrell,Furnes,21522774113,2.04,41,17,APRIL,1958,0,6,1,3,5,1
Gabriel,Ringdal,46283830075,2.25,40,27,AUGUST,1959,0,5,2,5,4,2
Mikel,Liland,19598324562,2.27,32,3,MARCH,1967,0,5,2,2,2,6
Vance,Falch,91183392976,2.26,23,11,AUGUST,1976,0,9,3,9,6,7
Corbin,Larsen,93382254813,1.74,31,16,MARCH,1968,0,4,8,7,7,5
Chance,Hodne,44457466954,2.12,23,25,JUNE,1976,0,5,9,7,7,3
Pedro,Ramberg,01963967319,1.89,33,3,NOVEMBER,1966,0,1,5,6,2,8
Pierre,Gabrielsen,64964696852,2.35,33,29,DECEMBER,1966,0,1,8,9,1,9
Jeffery,Morken,56110684644,2.25,38,7,JUNE,1961,0,5,1,5,5,3
Jayden,Rye,54902404255,1.62,37,29,JULY,1962,0,6,1,1,6,3
Jamie,Hage,97334407491,1.91,27,3,DECEMBER,1972,0,7,6,6,6,8
Korey,Jonsson,35487333319,2.24,33,30,MAY,1966,0,3,6,7,7,3
Keon,Holme,87953964257,2.09,34,13,AUGUST,1965,0,9,2,7,5,2
Isaac,Alme,65455595374,2.32,36,1,FEBRUARY,1963,0,1,6,3,1,1
Guadalupe,Lindland,63194436321,1.77,25,22,NOVEMBER,1974,0,2,5,8,9,9
Colin,Juliussen,63723635867,1.97,34,17,FEBRUARY,1965,0,7,4,4,8,8
Rodrigo,Rustad,76230478139,2.20,19,10,AUGUST,1980,0,3,9,9,1,9
Davin,Gulbrandsen,77455400634,1.93,34,8,JANUARY,1965,0,9,4,7,1,8
Thomas,Løken,20570245454,2.22,32,28,JANUARY,1967,0,4,3,8,7,5
Saul,Egeland,61331893499,1.92,37,18,AUGUST,1962,0,6,6,5,1,4
Jamal,Osman,37235298354,1.95,30,6,JULY,1969,0,7,3,6,8,4
Harrison,Økland,14640713426,1.77,37,2,DECEMBER,1962,0,2,1,5,3,1
Alonzo,Hope,69047075080,1.93,21,9,APRIL,1978,0,7,6,3,9,3
Troy,Ellingsen,60945516136,1.83,33,6,JANUARY,1966,0,3,7,4,3,6
Marc,Kvam,06469827724,1.72,41,24,AUGUST,1958,0,2,1,3,1,1
Adam,Smith,45492869191,1.96,26,27,JUNE,1973,0,5,7,3,1,6
Adrian,Rosland,80872922037,2.33,30,13,JANUARY,1969,0,3,4,5,3,8
Nathanial,Lindstrøm,59498565148,1.75,28,21,DECEMBER,1971,0,6,8,3,7,5
Alvin,Thorbjørnsen,88555890972,2.39,28,25,MAY,1971,0,7,6,2,9,1
Lance,Haug,04576693191,1.78,36,16,AUGUST,1963,0,4,5,1,5,2
Harold,Dalen,81623900702,2.17,25,29,MAY,1974,0,4,1,6,5,5
Trace,Stenseth,73872547058,1.74,22,10,FEBRUARY,1977,0,7,4,7,8,5
Ronan,Christoffersen,37779317571,2.14,39,27,JUNE,1960,0,4,1,2,6,5
Gordon,Vold,36086877740,2.22,33,1,AUGUST,1966,0,4,4,8,2,6
Tristin,Holen,72474030541,1.96,19,2,SEPTEMBER,1980,0,7,2,6,4,1
Matthew,Sollid,53797479387,2.09,41,21,JUNE,1958,0,4,5,2,1,1
Jude,Opheim,32386518557,1.69,32,19,JUNE,1967,0,7,6,6,1,9
Jerome,Borg,57726445831,2.29,24,6,JULY,1975,0,1,2,2,8,6
Kobe,Kildal,46423612835,1.83,27,5,DECEMBER,1972,0,7,3,9,9,8
Cruz,Thorvaldsen,95079748764,1.70,27,14,MAY,1972,0,1,2,8,4,8
Ashton,Høvik,89026590243,2.35,30,27,JANUARY,1969,0,8,4,3,8,4
Cullen,Lundberg,88511114042,2.03,31,7,SEPTEMBER,1968,0,5,3,7,8,4
Juan,Karlstad,00177625721,2.09,32,9,AUGUST,1967,0,6,3,8,3,6
Dale,Skagen,59043646634,2.27,31,20,AUGUST,1968,0,7,8,2,9,4
Chandler,Wahl,88982320695,2.15,36,17,AUGUST,1963,0,2,1,4,1,4
Carson,Nordli,15698731645,2.14,40,12,AUGUST,1959,0,4,5,1,3,1
Harrison,Sørvik,78864993032,1.67,21,22,JUNE,1978,0,2,5,3,5,7
Donavan,Haugland,85746181369,2.06,27,27,JULY,1972,0,1,5,4,1,1
Alessandro,Nergård,08715159217,2.40,26,2,NOVEMBER,1973,0,7,8,3,6,8
Clayton,Thon,63621998370,1.68,19,20,OCTOBER,1980,0,7,1,8,1,3
Brenton,Homme,20245533040,1.65,31,30,JANUARY,1968,0,6,1,5,8,2
Irving,Strømsnes,41346429216,2.31,27,4,NOVEMBER,1972,0,6,8,4,8,7
George,Vinje,10610401168,2.19,19,18,APRIL,1980,0,3,6,1,6,8
Dangelo,Meland,88339470170,2.17,29,15,APRIL,1970,0,3,8,5,5,2
Eddy,Strand,93745910557,2.16,33,12,AUGUST,1966,0,7,8,5,8,1
Jaylan,Myrvoll,36306125291,1.98,26,23,MARCH,1973,0,1,2,8,3,8
Camron,Rogne,36642037019,1.86,30,9,JANUARY,1969,0,8,9,1,6,4
Kadin,Øen,86160791810,1.91,30,8,SEPTEMBER,1969,0,8,3,6,9,2
Tyrell,Øvrebø,14114156328,2.01,35,29,JULY,1964,0,8,6,6,1,6
Allen,Sandal,03468801185,1.72,26,14,SEPTEMBER,1973,0,3,8,3,9,3
Tristen,Tveter,41525877865,1.64,25,4,SEPTEMBER,1974,0,7,6,6,2,8
Rohan,Moberg,41692116181,2.15,31,19,OCTOBER,1968,0,9,3,1,8,7
Orion,Espedal,52418511047,1.96,24,18,JUNE,1975,0,7,3,3,1,3
Jakob,Gilje,75472148492,1.76,27,19,MAY,1972,0,7,3,5,2,1
Armani,Sandvold,20820546553,2.36,39,3,OCTOBER,1960,0,3,3,6,1,1
Josh,Sunde,56324202497,1.73,19,9,MAY,1980,0,2,8,1,5,4
Clifton,Waage,92231933215,2.18,22,17,APRIL,1977,0,1,9,3,2,4
Jovany,Hustad,30639668178,2.34,31,13,JUNE,1968,0,6,8,2,2,4
Marcos,Gabrielsen,74486812836,1.99,39,22,NOVEMBER,1960,0,3,1,1,1,1
Isaias,Rise,56118331245,1.87,35,18,APRIL,1964,0,7,2,6,5,7
Alonzo,Fredriksen,12603783092,1.83,25,29,APRIL,1974,0,5,3,5,3,7
Hector,Kvalheim,13501440759,1.68,18,31,JANUARY,1981,0,7,8,6,8,2
Danny,Krogh,91205785385,1.74,19,26,OCTOBER,1980,0,9,4,5,3,6
Calvin,Myrvoll,55290024943,2.34,35,4,NOVEMBER,1964,0,7,8,5,9,5
Simon,Sandnes,30482921582,2.35,27,17,JULY,1972,0,9,4,2,1,4
Dandre,Handeland,33421986554,1.62,31,22,OCTOBER,1968,0,7,7,7,5,7
Elmer,Hestnes,52643956399,2.02,23,29,NOVEMBER,1976,0,3,3,5,5,4
Sean,Ingvaldsen,87552141858,1.84,36,15,MARCH,1963,0,3,1,1,2,5
Tyrone,Salte,68287454153,1.76,27,25,JULY,1972,0,1,7,2,7,7
Jon,Persen,82944584806,2.09,33,13,JULY,1966,0,3,9,1,6,1
Colin,Hoff,16063023019,1.84,19,23,DECEMBER,1980,0,4,8,7,6,1
Samir,Smith,16932823576,2.40,19,10,JUNE,1980,0,3,4,4,5,6
Jude,Stølen,01181684772,2.22,20,13,APRIL,1979,0,9,4,1,6,4
Turner,Hope,86005387495,2.07,30,18,MARCH,1969,0,8,1,2,8,9
Christopher,Haukås,15952834235,2.08,31,10,JUNE,1968,0,3,3,7,1,8
Chaz,Åsheim,63584502415,2.23,30,14,SEPTEMBER,1969,0,5,6,6,5,5
Demarcus,Grande,24600660670,1.64,22,14,MARCH,1977,0,1,4,9,6,2
Duane,Bøe,17219362663,1.91,21,23,JANUARY,1978,0,1,1,6,6,6
Elijah,Rogne,75709440177,1.70,39,25,SEPTEMBER,1960,0,1,3,3,2,1
Cornelius,Brenden,79039141757,2.20,38,11,SEPTEMBER,1961,0,2,4,4,2,1
Wilson,Dahle,65480199116,1.78,33,2,MARCH,1966,0,4,4,9,8,4
Kent,Kleven,15832345741,2.01,22,18,JUNE,1977,0,5,3,8,7,3
Ahmad,Loe,81519710778,1.91,33,24,SEPTEMBER,1966,0,9,6,5,1,1
Keaton,Svensen,67716784852,1.73,37,30,MAY,1962,0,1,4,1,1,5
Max,Løvås,63100679460,1.93,36,4,JULY,1963,0,5,3,5,2,5
Travis,Petersen,66348905461,2.07,18,9,FEBRUARY,1981,0,5,8,9,6,2
Dallin,Meyer,25558820667,1.84,29,25,DECEMBER,1970,0,9,8,2,8,8
Duane,Gundersen,51915821781,2.24,41,29,JULY,1958,0,3,1,1,1,6
Hudson,Lunden,84986959309,2.24,18,10,SEPTEMBER,1981,0,7,8,9,5,1
Micah,Hestnes,11344550941,2.39,18,22,FEBRUARY,1981,0,5,2,9,3,1
Maverick,Rustad,74218085814,2.13,21,11,DECEMBER,1978,0,2,8,4,5,2
Marc,Rygg,50705235765,2.12,38,18,DECEMBER,1961,0,6,5,4,3,4
Nash,Fagerheim,54218122256,2.08,21,26,JUNE,1978,0,5,6,4,8,5
Antony,Steen,34126094919,2.15,29,25,SEPTEMBER,1970,0,4,7,4,5,5
Anthony,Nesse,95650066384,1.61,31,23,JULY,1968,0,1,6,6,5,5
Nickolas,Heggelund,08522136116,2.25,29,25,SEPTEMBER,1970,0,7,6,8,2,7
Logan,Paulsen,90690343143,1.73,28,4,APRIL,1971,0,6,9,4,2,2
Moshe,Skår,35575894693,1.87,19,9,APRIL,1980,0,8,4,1,2,6
Chaim,Nesse,47353281872,2.39,27,14,AUGUST,1972,0,3,9,6,2,4
Ibrahim,Lothe,04482374953,1.61,30,13,DECEMBER,1969,0,5,1,8,9,1
Jarvis,Aune,47389280381,2.32,32,4,NOVEMBER,1967,0,8,2,9,1,3
Donavan,Jensen,35542088038,2.22,32,14,FEBRUARY,1967,0,4,8,5,6,2
Gino,Øien,58097375050,2.12,26,30,MAY,1973,0,9,2,9,5,5
Gannon,Haraldsen,06210373123,2.17,39,9,MAY,1960,0,1,1,1,2,1
Trystan,Eggen,58091283154,1.85,29,3,FEBRUARY,1970,0,4,7,8,1,5
Arturo,Berger,70396220055,1.78,28,14,DECEMBER,1971,0,7,4,7,5,7
Jake,Mathiesen,09988677161,2.34,40,3,AUGUST,1959,0,5,1,1,6,1
Pierce,Sandal,45266100985,2.21,30,31,MARCH,1969,0,5,7,8,8,4
Jeff,Larssen,54417401734,1.63,26,7,MAY,1973,0,9,7,6,8,5
Gabriel,Skar,52552310119,2.32,40,13,APRIL,1959,0,1,1,1,2,1
Kelvin,Lind,26656310490,1.90,30,22,FEBRUARY,1969,0,3,3,6,6,6
Nash,Aarstad,71577759079,2.01,18,29,JUNE,1981,0,9,7,1,1,7
Rudy,Iversen,38859135212,1.94,39,31,DECEMBER,1960,0,2,1,1,3,5
Ray,Moberg,83667036409,2.18,22,19,MARCH,1977,0,6,6,4,3,6
Walter,Paulsen,18391020697,1.75,35,9,JANUARY,1964,0,6,2,7,8,6
Judah,Aaserud,04224653898,2.22,22,31,MAY,1977,0,8,4,2,2,9
Howard,Petersen,89211226704,1.73,35,30,MAY,1964,0,4,8,5,7,6
Jordy,Dahl,47844197815,1.79,41,24,JUNE,1958,0,1,1,6,1,2
Darion,Kristensen,66686640319,1.76,24,2,FEBRUARY,1975,0,5,3,4,7,6
Clarence,Økland,58734978079,2.07,41,16,JULY,1958,0,3,5,5,1,6
Mason,Davidsen,86885229035,1.98,23,29,FEBRUARY,1976,0,6,4,3,1,5
Devante,Andersson,65399786512,2.20,25,10,JANUARY,1974,0,6,9,4,1,2
Marcos,Thorbjørnsen,31466938491,2.20,22,11,FEBRUARY,1977,0,3,7,8,9,9
Rahul,Olaussen,25513395519,2.33,35,24,DECEMBER,1964,0,6,3,6,3,5
Jamil,Matre,38784352309,1.68,28,11,JULY,1971,0,2,4,5,3,5
Omarion,Blom,52094849545,2.38,23,22,JUNE,1976,0,5,2,9,6,9
Jarvis,Bech,58626642570,2.19,37,20,MARCH,1962,0,1,6,1,2,1
Mohammad,Storli,89418444964,2.04,38,27,FEBRUARY,1961,0,1,1,5,1,5
Alexander,Haugerud,18390769053,1.85,22,25,JANUARY,1977,0,2,7,8,1,8
Clarence,Stokke,92499583580,2.07,20,11,SEPTEMBER,1979,0,8,1,7,9,8
Keagan,Grønvold,36978907435,1.67,26,21,DECEMBER,1973,0,6,3,4,2,7
Easton,Stormo,52591553535,1.75,39,26,JANUARY,1960,0,2,1,1,3,1
Jalen,Rostad,77127107752,1.69,23,15,FEBRUARY,1976,0,7,5,2,8,8
Jaquan,Smedsrud,32494310976,1.75,34,9,FEBRUARY,1965,0,3,8,1,3,8
Jonathon,Albrigtsen,68011323840,1.79,38,13,OCTOBER,1961,0,1,2,1,1,2
Adolfo,Hassan,01167110018,1.74,38,25,MARCH,1961,0,1,1,4,5,3
Marco,Holter,06001680678,1.77,23,20,OCTOBER,1976,0,7,1,1,3,6
Jamil,Bentsen,41451849139,1.69,36,7,DECEMBER,1963,0,1,5,1,1,1
Marvin,Berg,84981179701,1.88,23,28,NOVEMBER,1976,0,2,9,3,6,2
Maverick,Wik,22728745951,2.11,20,27,DECEMBER,1979,0,2,1,7,8,7
Jose,Erdal,47891078343,1.61,33,15,DECEMBER,1966,0,9,7,3,8,9
Walter,Myrseth,14217631996,2.23,40,22,NOVEMBER,1959,0,1,5,5,1,6
Clarence,Myrvold,05997432548,1.79,39,28,MAY,1960,0,1,3,1,2,1
Cole,Tollefsen,10136897107,2.21,37,16,DECEMBER,1962,0,6,2,2,4,4
Ari,Halvorsen,63565282961,1.77,40,3,AUGUST,1959,0,1,3,5,1,1
Adriel,Henningsen,27228682525,2.22,35,21,AUGUST,1964,0,1,9,2,2,7
Mitchel,Brekken,22984733560,1.94,32,26,DECEMBER,1967,0,3,6,7,2,4
Kade,Haugen,19543120919,1.86,34,22,JUNE,1965,0,6,4,5,8,7
Cooper,Berge,95360636326,1.77,19,10,AUGUST,1980,0,4,1,8,4,6
Orion,Sundet,23111412310,1.85,29,8,DECEMBER,1970,0,9,6,4,2,1
Tristen,Johansson,32336040027,2.25,18,18,OCTOBER,1981,0,2,3,6,4,6
Jamie,Sandøy,57698503349,1.60,31,29,JANUARY,1968,0,2,5,9,8,5
Brandon,Løvik,72258301687,1.68,38,8,MAY,1961,0,1,6,1,1,1
Garrison,Bratlie,49311732102,1.66,35,23,SEPTEMBER,1964,0,8,5,1,8,6
